"ASV","Phylum","Genus","Species","true_sample_reads","control_reads","total_reads","true_sample_prevalence","control_prevalence"
"6475007d4c6299318792536d385f164c","Proteobacteria","Sphingomonas","Sphingomonas_g",11406,21271,32677,18,4
"708bcbad2b130c9860e0af56df57dcae","Proteobacteria","uncultured","uncultured_g",21865,34,21899,8,1
"842729d0c73a0e276c22067d98067374","Proteobacteria","Sphingomonas","Sphingomonas_g",7447,9403,16850,40,5
"416480b43f1ae4a764980f50b7535604","Actinobacteriota","Kocuria","Kocuria_g",7267,258,7525,14,2
"88345f78cecaaa6880139b3ce07b02ab","Proteobacteria","Acidovorax","Acidovorax_g",2585,4733,7318,29,5
"1ebf82770d39e7dea4cdd6525d634ae2","Proteobacteria","Brevundimonas","Brevundimonas_g",2017,5295,7312,11,4
"4cf4516cf4c31fdeb7320abe6d620f5f","Proteobacteria","Pseudomonas","Pseudomonas_g",1917,3937,5854,14,4
"c0f3e9ab9c5425114f971dee2fbcda67","Proteobacteria","Acinetobacter","Acinetobacter_g",1849,3771,5620,15,4
"f0ca4c55069212f52e5475a7252bd203","Proteobacteria","Aquabacterium","Aquabacterium_g",1587,2692,4279,15,4
"597c178a32c8e105554890ac672203a1","Firmicutes","Lactococcus","Lactococcus_g",2154,759,2913,7,5
"f7c74ae8ba237267fafee0b17dd9e25b","Proteobacteria","Brevundimonas","Brevundimonas_g",875,1730,2605,11,4
"daaaef75203e565e99ae0771a9444f21","Proteobacteria","Acetobacter","Acetobacter_g",565,951,1516,13,5
"e81d19fdebac3afb7580eb6b34bc313b","Proteobacteria","Roseomonas","Roseomonas_g",1088,269,1357,16,3
"d30795b2d4d7ef1a4e833cda2dc45fb7","Actinobacteriota","Rothia","Rothia_g",1280,76,1356,19,2
"8a8681bd58fa527cb40dc43c44a5f7cc","Actinobacteriota","Dermacoccus","Dermacoccus_g",1074,223,1297,15,3
"eafd5ed5949335dcc9571e96a30c242a","Proteobacteria","Pseudomonas","Pseudomonas_g",459,793,1252,7,4
"db5feda280235363e4c8712675e1bfac","Proteobacteria","Sphingomonas","Sphingomonas_g",110,1094,1204,3,4
"b94a8e609e84f35c93506768aac4ec3f","Proteobacteria","Acetobacter","Acetobacter_g",423,668,1091,14,5
"dc48fa77e362e32c1c0cd76272dddec9","Proteobacteria","Sphingomonas","Sphingomonas_g",264,728,992,4,3
"89f92a98c085f073bc78411e3801a85d","Proteobacteria","Enhydrobacter","Enhydrobacter_g",781,122,903,8,2
"515173287266f7569f063b717a04424b","Proteobacteria","Phreatobacter","Phreatobacter_g",373,506,879,10,3
"cf9ea686e73af7e1213fb5a0adf1d848","Firmicutes","Lactococcus","Lactococcus_g",565,202,767,2,2
"44a942b69a980b0f71708f39677e0fab","Patescibacteria","Saccharimonadaceae","Saccharimonadaceae_g",325,439,764,13,5
"b5a1790a016ebf58cd078a0402c96bb1","Proteobacteria","Acetobacter","Acetobacter_g",105,651,756,4,2
"8ab67e299fecb1b9ea6a53a5ad287863","Patescibacteria","TM7x","TM7x_g",716,37,753,2,1
"5a5a47286d4699ba232d1a528bf0f044","Firmicutes","Streptococcus","Streptococcus_g",632,65,697,9,1
"19efac48457c44e44de9dee0a284c57e","Proteobacteria","Acinetobacter","Acinetobacter_g",178,485,663,10,4
"09fa7968bafe83eb2e527701f26035de","Proteobacteria","Sphingomonadaceae_f","Sphingomonadaceae_f",177,477,654,4,3
"07651569b905138282e1e180aed417da","Proteobacteria","Massilia","Massilia_g",139,481,620,4,3
"d8863d04bb61a1779e5b6d44ee7f6f0b","Proteobacteria","Methylobacterium-Methylorubrum","Methylobacterium-Methylorubrum_g",529,28,557,9,1
"e9d00aed15a203d5f8bd01ca8ceaff1e","Actinobacteriota","Corynebacterium","Corynebacterium_g",445,74,519,7,1
"aeea6b40db276dd7ca8b48feb8496324","Deinococcota","Thermus","Thermus_g",343,132,475,10,3
"ded1e7564ed73226b40751b3380f6e08","Proteobacteria","Sphingomonas","Sphingomonas_g",87,353,440,2,3
"022314bfa98b2d5c22f3cc3b59a300c5","Proteobacteria","Novosphingobium","Novosphingobium_g",268,168,436,8,2
"0d223446a6bb0a4f2b01838ac7764ceb","Deinococcota","Thermus","Thermus_g",247,183,430,9,3
"2c8da51102c5b78996222aa2df8d4f57","Proteobacteria","Sphingomonas","Sphingomonas_g",56,355,411,3,3
"f0651edc7d0cd84e349041f3dad6d48e","Proteobacteria","Sphingomonadaceae_f","Sphingomonadaceae_f",84,300,384,2,3
"5a610508075aa548e5adc3d5d8fe23e5","Proteobacteria","Pelomonas","Pelomonas_g",229,133,362,6,1
"70eeb5c7a74ed6b401b74b47e53b5c6e","Firmicutes","Atopostipes","Atopostipes_g",174,174,348,8,3
"50506d79cbf8da55e9b973a4acc815da","Proteobacteria","Methylobacterium-Methylorubrum","Methylobacterium-Methylorubrum_g",193,136,329,9,2
"5db70af7d93236276321e441b1584182","Proteobacteria","Asticcacaulis","Asticcacaulis_g",287,42,329,3,1
"cd088f088606f5fd3861527bf56a7552","Proteobacteria","Asticcacaulis","Asticcacaulis_g",220,106,326,5,1
"160e32a2ce51cfff78d5f65065ac6c13","Actinobacteriota","Cutibacterium","Cutibacterium_g",239,80,319,3,1
"1cbda894755e11f49abb45473b87fa68","Proteobacteria","Enhydrobacter","Enhydrobacter_g",154,162,316,6,2
"dd98f1e818fff3193f2552cfd064416e","Proteobacteria","Brevundimonas","Brevundimonas_g",200,97,297,5,1
"3a6294eb3d425bab566e180ea33b5d1c","Proteobacteria","Enhydrobacter","Enhydrobacter_g",126,167,293,3,4
"e2a7b8db16ba24a39e71d1ad7147ce71","Firmicutes","Streptococcus","Streptococcus_g",235,23,258,5,1
"4323f9605d4d4f7081c4ca9d34845165","Proteobacteria","Rhodovarius","Rhodovarius_g",156,101,257,3,1
"bc33c20af143399af538f97b087424c3","Proteobacteria","Sphingomonas","Sphingomonas_g",0,248,248,0,3
"1911a3c851ef3d9332858d8a162a1562","Proteobacteria","Sphingomonas","Sphingomonas_g",23,201,224,1,3
"57d1e04b889e4d75aa6d5080eb12373e","Proteobacteria","Sphingomonas","Sphingomonas_g",112,104,216,7,1
"2f0e50ac1b3ff5a51cdd355c09f3dfe7","Proteobacteria","Delftia","Delftia_g",145,69,214,7,1
"d6011383b67fbead40650dfd2f7d0946","Proteobacteria","Massilia","Massilia_g",70,143,213,1,2
"89f79a0b1148f055129fe2dea6ff3fb2","Bacteroidota","Chryseobacterium","Chryseobacterium_g",146,34,180,6,1
"0f257eb6554772452f4dd12919b5ea5c","Proteobacteria","Sphingomonadaceae_f","Sphingomonadaceae_f",65,115,180,2,2
"2518e09255b5f888261ca27481e704b0","Firmicutes","Atopostipes","Atopostipes_g",29,145,174,3,1
"51afe0f294ef41a2de597e8f0135596b","Actinobacteriota","Kocuria","Kocuria_g",126,47,173,3,1
"ba860ceb436569d7f3ecabfcd7c2e1d1","Proteobacteria","Massilia","Massilia_g",105,59,164,2,1
"6f715e2799d9b2427abf0eece1ffc7d3","Firmicutes","Staphylococcus","Staphylococcus_g",112,51,163,2,1
"bdcd181905b312e4ec460df1ed422fcc","Firmicutes","Atopostipes","Atopostipes_g",34,123,157,1,1
"83f46afc883880902be3eb1e92d781a4","Proteobacteria","Sphingobium","Sphingobium_g",40,112,152,1,1
"7bee88dca1fbc5e28ab85fcab87f145c","Proteobacteria","Methylobacterium-Methylorubrum","Methylobacterium-Methylorubrum_g",5,145,150,1,2
"f89bf87b6d16ef145e76907d79b43b08","Proteobacteria","Methyloversatilis","Methyloversatilis_g",115,34,149,3,1
"0c2b4451cba9e0b58b63534385c29636","Proteobacteria","Devosia","Devosia_g",81,66,147,3,1
"8ada78492f809c50ddca39071a1f2d33","Firmicutes","Staphylococcus","Staphylococcus_g",18,128,146,1,1
"b29c8550b6743108ebda7f81af92a068","Proteobacteria","Acetobacter","Acetobacter_g",18,127,145,2,2
"83df293667c11dd7ccebd05bb943a3f4","Proteobacteria","Sphingomonas","Sphingomonas_g",103,39,142,8,4
"f45d2277ac8ec2cf772e1bd2ad66593d","Bacteroidota","Cloacibacterium","Cloacibacterium_g",25,116,141,3,1
"f60e801295199ebfb6e813db824fdc39","Proteobacteria","Sphingomonas","Sphingomonas_g",125,15,140,7,2
"bbd9195eb175dbfe0bbe51314886d77c","Firmicutes","Staphylococcus","Staphylococcus_g",98,41,139,3,1
"a88501d82852c8fb661d7ef73abff8ae","Proteobacteria","Sphingomonadaceae_f","Sphingomonadaceae_f",100,39,139,4,1
"dee97571c12f48af382cfef94462fd8b","Actinobacteriota","Corynebacterium","Corynebacterium_g",87,43,130,4,1
"3796cea684bec78d8a792f6e55722ecf","Deinococcota","Thermus","Thermus_g",21,108,129,3,2
"2ed9e96ef0789c4431d39ae5891e885a","Proteobacteria","Methylobacterium-Methylorubrum","Methylobacterium-Methylorubrum_g",44,77,121,2,1
"ea60313af371ef09618438a3b908b236","Proteobacteria","Pelomonas","Pelomonas_g",77,43,120,6,1
"5c6bf470e7d8fb12db69d5da4616a9a8","Proteobacteria","Massilia","Massilia_g",95,21,116,3,1
"fbf91904c477c277ba71de6685742761","Proteobacteria","Acinetobacter","Acinetobacter_g",0,116,116,0,2
"82268d528ba3613d1c660eeaaa6acddf","Proteobacteria","Novosphingobium","Novosphingobium_g",75,39,114,2,1
"dd9a2c01f344e41156e03327c89679f6","Deinococcota","Thermus","Thermus_g",0,113,113,0,2
"4678e76b974c53bbd520e17ba70f7e35","Firmicutes","Finegoldia","Finegoldia_g",58,53,111,1,1
"57b856d2ec363466476d1510607da112","Proteobacteria","Gluconobacter","Gluconobacter_g",21,88,109,1,1
"528e92fe752fa87f855f5536b33979d1","Proteobacteria","Pseudomonas","Pseudomonas_g",45,56,101,7,1
"16c7937724ed5bbcc657caae1049b378","Deinococcota","Thermus","Thermus_g",35,63,98,4,3
"3c3534c7e92c582ad869dbc8030c4476","Proteobacteria","Delftia","Delftia_g",0,98,98,0,2
"f687a9c40e82d3510c69f07e7dc29de2","Proteobacteria","Acinetobacter","Acinetobacter_g",37,61,98,3,3
"926700c83bd1d7bda75cc8b4abb7d70f","Proteobacteria","Sphingomonas","Sphingomonas_g",30,66,96,1,1
"b1d400141daf92f660848d86a4555233","Proteobacteria","Sphingomonadaceae_f","Sphingomonadaceae_f",57,36,93,7,4
"c52b0a3bf7a849bef449b135f9c1252d","Proteobacteria","Sphingomonas","Sphingomonas_g",28,65,93,2,1
"025e519fdc62aba6f39ab17117a65353","Deinococcota","Thermus","Thermus_g",46,42,88,3,2
"3941adc1fe9b742248db0935aef3cc16","Deinococcota","Thermus","Thermus_g",12,68,80,1,2
"f879993ce3b93e9a4fa11a03b7d67bda","Proteobacteria","Novosphingobium","Novosphingobium_g",28,51,79,1,1
"f3d9a01f32e11cf7046bf15e69696067","Deinococcota","Thermus","Thermus_g",0,65,65,0,2
"c2c63c49d82da8d91b0d4fa47f0f21de","Deinococcota","Thermus","Thermus_g",49,16,65,2,1
"69e6fd478c7ea745a8d7bfbd9600195a","Proteobacteria","Neisseria","Neisseria_g",44,17,61,3,1
"b92f152681dbc5fe0a3758d6eb8a5352","Firmicutes","Streptococcus","Streptococcus_g",30,30,60,1,1
"8df42276596c8da9152a47542191421f","Proteobacteria","Dechloromonas","Dechloromonas_g",12,37,49,2,1
"17932ac3c52ad0a1130730fccdb1b9ed","Actinobacteriota","Corynebacterium","Corynebacterium_g",15,32,47,1,1
"2be047667538d1fe3544b8a4504d452b","Bacteroidota","Muribaculaceae","Muribaculaceae_g",11,34,45,2,1
"28d4804cd510461cd1fc4f3f7f711287","Proteobacteria","Acetobacter","Acetobacter_g",6,37,43,1,1
"37e5eaf84ef571ef522201ea47549439","Cyanobacteria","Candidatus_Obscuribacter","Candidatus_Obscuribacter_g",15,28,43,1,1
"ef7e7ee4a37d9c328b90f87d55d699a8","Proteobacteria","Variovorax","Variovorax_g",23,17,40,1,1
"7d181e8903232b80932beb1eef01c94f","Deinococcota","Thermus","Thermus_g",6,33,39,1,1
"84cb958bc116ba8c20da3ac589ca6101","Deinococcota","Thermus","Thermus_g",0,31,31,0,2
"6b7e98a41e4c765301401fc43310d8b1","Deinococcota","Thermus","Thermus_g",25,2,27,2,2
"7e4a78256b2ddd68d310e3d24f70f432","Proteobacteria","Pseudomonas","Pseudomonas_g",11,7,18,2,1
"e54b60533120912c2eb5b6ceb7d45eb4","Proteobacteria","Alicycliphilus","Alicycliphilus_g",10,7,17,1,1
"2bf4a87481c37bed26c6678f83d2438c","Proteobacteria","Acinetobacter","Acinetobacter_g",2,1,3,2,1
