"sample_name","threshold","threshold_numeric","reads_before","reads_after","reads_removed","removed_pct","subject_id","site_group","swab_type2","control_status"
"001AcCUSw","None",0,18641,18641,0,0,"S001","Antecubital","Eswab","sample"
"001AcLUSw_3","None",0,18155,18155,0,0,"S001","Antecubital","Puritan_buffer","sample"
"001AcLUSw_4","None",0,19841,19841,0,0,"S001","Antecubital","Omni","sample"
"001AcRUSw_1","None",0,23169,23169,0,0,"S001","Antecubital","Copan","sample"
"001AcRUSw_2","None",0,16556,16556,0,0,"S001","Antecubital","Puritan_gel","sample"
"001FhCUSw","None",0,21239,21239,0,0,"S001","Forehead","Eswab","sample"
"001FhLUSw_3","None",0,24471,24471,0,0,"S001","Forehead","Puritan_buffer","sample"
"001FhLUSw_4","None",0,15080,15080,0,0,"S001","Forehead","Omni","sample"
"001FhRUSw_1","None",0,31711,31711,0,0,"S001","Forehead","Copan","sample"
"001FhRUSw_2","None",0,26963,26963,0,0,"S001","Forehead","Puritan_gel","sample"
"001NCXUSw","None",0,21949,21949,0,0,"Control","NC","Copan","control"
"002AcCUSw","None",0,8182,8182,0,0,"S002","Antecubital","Eswab","sample"
"002AcLUSw_3","None",0,23229,23229,0,0,"S002","Antecubital","Puritan_buffer","sample"
"002AcLUSw_4","None",0,6705,6705,0,0,"S002","Antecubital","Omni","sample"
"002AcRUSw_1","None",0,22930,22930,0,0,"S002","Antecubital","Copan","sample"
"002AcRUSw_2","None",0,20552,20552,0,0,"S002","Antecubital","Puritan_gel","sample"
"002FhCUSw","None",0,18372,18372,0,0,"S002","Forehead","Eswab","sample"
"002FhLUSw_3","None",0,19696,19696,0,0,"S002","Forehead","Puritan_buffer","sample"
"002FhLUSw_4","None",0,20113,20113,0,0,"S002","Forehead","Omni","sample"
"002FhRUSw_1","None",0,12350,12350,0,0,"S002","Forehead","Copan","sample"
"002FhRUSw_2","None",0,25944,25944,0,0,"S002","Forehead","Puritan_gel","sample"
"002NCXUSw","None",0,23836,23836,0,0,"Control","NC","Puritan_gel","control"
"003AcCUSw","None",0,13439,13439,0,0,"S003","Antecubital","Eswab","sample"
"003AcLUSw_3","None",0,6422,6422,0,0,"S003","Antecubital","Puritan_buffer","sample"
"003AcLUSw_4","None",0,18541,18541,0,0,"S003","Antecubital","Omni","sample"
"003AcRUSw_1","None",0,15562,15562,0,0,"S003","Antecubital","Copan","sample"
"003AcRUSw_2","None",0,7635,7635,0,0,"S003","Antecubital","Puritan_gel","sample"
"003FhCUSw","None",0,8249,8249,0,0,"S003","Forehead","Eswab","sample"
"003FhLUSw_3","None",0,18909,18909,0,0,"S003","Forehead","Puritan_buffer","sample"
"003FhLUSw_4","None",0,14961,14961,0,0,"S003","Forehead","Omni","sample"
"003FhRUSw_1","None",0,11048,11048,0,0,"S003","Forehead","Copan","sample"
"003FhRUSw_2","None",0,14496,14496,0,0,"S003","Forehead","Puritan_gel","sample"
"003NCXUSw","None",0,16784,16784,0,0,"Control","NC","Puritan_buffer","control"
"004AcCUSw","None",0,19097,19097,0,0,"S004","Antecubital","Eswab","sample"
"004AcLUSw_3","None",0,23544,23544,0,0,"S004","Antecubital","Puritan_buffer","sample"
"004AcLUSw_4","None",0,26755,26755,0,0,"S004","Antecubital","Omni","sample"
"004AcRUSw_1","None",0,21430,21430,0,0,"S004","Antecubital","Copan","sample"
"004AcRUSw_2","None",0,23333,23333,0,0,"S004","Antecubital","Puritan_gel","sample"
"004FhCUSw","None",0,21899,21899,0,0,"S004","Forehead","Eswab","sample"
"004FhLUSw_3","None",0,11781,11781,0,0,"S004","Forehead","Puritan_buffer","sample"
"004FhLUSw_4","None",0,28264,28264,0,0,"S004","Forehead","Omni","sample"
"004FhRUSw_1","None",0,18119,18119,0,0,"S004","Forehead","Copan","sample"
"004FhRUSw_2","None",0,18028,18028,0,0,"S004","Forehead","Puritan_gel","sample"
"004NCXUSw","None",0,15524,15524,0,0,"Control","NC","Omni","control"
"005AcCUSw","None",0,15894,15894,0,0,"S005","Antecubital","Eswab","sample"
"005AcLUSw_3","None",0,15165,15165,0,0,"S005","Antecubital","Puritan_buffer","sample"
"005AcLUSw_4","None",0,17054,17054,0,0,"S005","Antecubital","Omni","sample"
"005AcRUSw_1","None",0,17943,17943,0,0,"S005","Antecubital","Copan","sample"
"005AcRUSw_2","None",0,18217,18217,0,0,"S005","Antecubital","Puritan_gel","sample"
"005FhCUSw","None",0,24839,24839,0,0,"S005","Forehead","Eswab","sample"
"005FhLUSw_3","None",0,26598,26598,0,0,"S005","Forehead","Puritan_buffer","sample"
"005FhLUSw_4","None",0,12274,12274,0,0,"S005","Forehead","Omni","sample"
"005FhRUSw_1","None",0,24068,24068,0,0,"S005","Forehead","Copan","sample"
"005FhRUSw_2","None",0,16931,16931,0,0,"S005","Forehead","Puritan_gel","sample"
"005NCXUSw","None",0,12906,12906,0,0,"Control","NC","Eswab","control"
"001AcCUSw","0.1",0.1,18641,18618,23,0.123383938629902,"S001","Antecubital","Eswab","sample"
"001AcLUSw_3","0.1",0.1,18155,18105,50,0.275406224180666,"S001","Antecubital","Puritan_buffer","sample"
"001AcLUSw_4","0.1",0.1,19841,19835,6,0.0302404112695933,"S001","Antecubital","Omni","sample"
"001AcRUSw_1","0.1",0.1,23169,23131,38,0.164012257758211,"S001","Antecubital","Copan","sample"
"001AcRUSw_2","0.1",0.1,16556,16537,19,0.114762019811549,"S001","Antecubital","Puritan_gel","sample"
"001FhCUSw","0.1",0.1,21239,21239,0,0,"S001","Forehead","Eswab","sample"
"001FhLUSw_3","0.1",0.1,24471,24460,11,0.044951166687099,"S001","Forehead","Puritan_buffer","sample"
"001FhLUSw_4","0.1",0.1,15080,15080,0,0,"S001","Forehead","Omni","sample"
"001FhRUSw_1","0.1",0.1,31711,31707,4,0.0126139194601242,"S001","Forehead","Copan","sample"
"001FhRUSw_2","0.1",0.1,26963,26963,0,0,"S001","Forehead","Puritan_gel","sample"
"001NCXUSw","0.1",0.1,21949,5667,16282,74.1810560845597,"Control","NC","Copan","control"
"002AcCUSw","0.1",0.1,8182,8165,17,0.207773160596431,"S002","Antecubital","Eswab","sample"
"002AcLUSw_3","0.1",0.1,23229,23046,183,0.787808343019502,"S002","Antecubital","Puritan_buffer","sample"
"002AcLUSw_4","0.1",0.1,6705,6684,21,0.313199105145414,"S002","Antecubital","Omni","sample"
"002AcRUSw_1","0.1",0.1,22930,22780,150,0.654164849542085,"S002","Antecubital","Copan","sample"
"002AcRUSw_2","0.1",0.1,20552,20269,283,1.37699493966524,"S002","Antecubital","Puritan_gel","sample"
"002FhCUSw","0.1",0.1,18372,18369,3,0.0163291966035271,"S002","Forehead","Eswab","sample"
"002FhLUSw_3","0.1",0.1,19696,19696,0,0,"S002","Forehead","Puritan_buffer","sample"
"002FhLUSw_4","0.1",0.1,20113,20113,0,0,"S002","Forehead","Omni","sample"
"002FhRUSw_1","0.1",0.1,12350,12350,0,0,"S002","Forehead","Copan","sample"
"002FhRUSw_2","0.1",0.1,25944,25944,0,0,"S002","Forehead","Puritan_gel","sample"
"002NCXUSw","0.1",0.1,23836,6775,17061,71.5766068132237,"Control","NC","Puritan_gel","control"
"003AcCUSw","0.1",0.1,13439,13152,287,2.13557556365801,"S003","Antecubital","Eswab","sample"
"003AcLUSw_3","0.1",0.1,6422,6363,59,0.918716910619745,"S003","Antecubital","Puritan_buffer","sample"
"003AcLUSw_4","0.1",0.1,18541,18373,168,0.906099994606548,"S003","Antecubital","Omni","sample"
"003AcRUSw_1","0.1",0.1,15562,15309,253,1.62575504433877,"S003","Antecubital","Copan","sample"
"003AcRUSw_2","0.1",0.1,7635,7525,110,1.4407334643091,"S003","Antecubital","Puritan_gel","sample"
"003FhCUSw","0.1",0.1,8249,8179,70,0.848587707600921,"S003","Forehead","Eswab","sample"
"003FhLUSw_3","0.1",0.1,18909,18909,0,0,"S003","Forehead","Puritan_buffer","sample"
"003FhLUSw_4","0.1",0.1,14961,14954,7,0.0467883162890181,"S003","Forehead","Omni","sample"
"003FhRUSw_1","0.1",0.1,11048,11042,6,0.054308472121651,"S003","Forehead","Copan","sample"
"003FhRUSw_2","0.1",0.1,14496,14496,0,0,"S003","Forehead","Puritan_gel","sample"
"003NCXUSw","0.1",0.1,16784,6073,10711,63.8167302192564,"Control","NC","Puritan_buffer","control"
"004AcCUSw","0.1",0.1,19097,19088,9,0.0471278211237367,"S004","Antecubital","Eswab","sample"
"004AcLUSw_3","0.1",0.1,23544,22939,605,2.56965681277608,"S004","Antecubital","Puritan_buffer","sample"
"004AcLUSw_4","0.1",0.1,26755,24031,2724,10.1812745281256,"S004","Antecubital","Omni","sample"
"004AcRUSw_1","0.1",0.1,21430,20016,1414,6.59822678488101,"S004","Antecubital","Copan","sample"
"004AcRUSw_2","0.1",0.1,23333,18667,4666,19.9974285346934,"S004","Antecubital","Puritan_gel","sample"
"004FhCUSw","0.1",0.1,21899,21880,19,0.0867619526005754,"S004","Forehead","Eswab","sample"
"004FhLUSw_3","0.1",0.1,11781,10964,817,6.93489517018929,"S004","Forehead","Puritan_buffer","sample"
"004FhLUSw_4","0.1",0.1,28264,26126,2138,7.56439286725163,"S004","Forehead","Omni","sample"
"004FhRUSw_1","0.1",0.1,18119,15750,2369,13.0746729951984,"S004","Forehead","Copan","sample"
"004FhRUSw_2","0.1",0.1,18028,15689,2339,12.9742622587087,"S004","Forehead","Puritan_gel","sample"
"004NCXUSw","0.1",0.1,15524,5065,10459,67.3730997165679,"Control","NC","Omni","control"
"005AcCUSw","0.1",0.1,15894,15886,8,0.0503334591669813,"S005","Antecubital","Eswab","sample"
"005AcLUSw_3","0.1",0.1,15165,12681,2484,16.379821958457,"S005","Antecubital","Puritan_buffer","sample"
"005AcLUSw_4","0.1",0.1,17054,13136,3918,22.9740823267269,"S005","Antecubital","Omni","sample"
"005AcRUSw_1","0.1",0.1,17943,17809,134,0.746809340689963,"S005","Antecubital","Copan","sample"
"005AcRUSw_2","0.1",0.1,18217,18038,179,0.982598671570511,"S005","Antecubital","Puritan_gel","sample"
"005FhCUSw","0.1",0.1,24839,23568,1271,5.11695317846934,"S005","Forehead","Eswab","sample"
"005FhLUSw_3","0.1",0.1,26598,26407,191,0.718099105195879,"S005","Forehead","Puritan_buffer","sample"
"005FhLUSw_4","0.1",0.1,12274,11928,346,2.81896692194884,"S005","Forehead","Omni","sample"
"005FhRUSw_1","0.1",0.1,24068,22395,1673,6.9511384410836,"S005","Forehead","Copan","sample"
"005FhRUSw_2","0.1",0.1,16931,15808,1123,6.63280373279783,"S005","Forehead","Puritan_gel","sample"
"005NCXUSw","0.1",0.1,12906,11304,1602,12.4128312412831,"Control","NC","Eswab","control"
"001AcCUSw","0.2",0.2,18641,17643,998,5.35379003272357,"S001","Antecubital","Eswab","sample"
"001AcLUSw_3","0.2",0.2,18155,18048,107,0.589369319746626,"S001","Antecubital","Puritan_buffer","sample"
"001AcLUSw_4","0.2",0.2,19841,19705,136,0.685449322110781,"S001","Antecubital","Omni","sample"
"001AcRUSw_1","0.2",0.2,23169,22975,194,0.837325736976132,"S001","Antecubital","Copan","sample"
"001AcRUSw_2","0.2",0.2,16556,16425,131,0.791253926069099,"S001","Antecubital","Puritan_gel","sample"
"001FhCUSw","0.2",0.2,21239,21232,7,0.0329582372051415,"S001","Forehead","Eswab","sample"
"001FhLUSw_3","0.2",0.2,24471,24445,26,0.106248212169507,"S001","Forehead","Puritan_buffer","sample"
"001FhLUSw_4","0.2",0.2,15080,15076,4,0.026525198938992,"S001","Forehead","Omni","sample"
"001FhRUSw_1","0.2",0.2,31711,31707,4,0.0126139194601242,"S001","Forehead","Copan","sample"
"001FhRUSw_2","0.2",0.2,26963,26960,3,0.0111263583429144,"S001","Forehead","Puritan_gel","sample"
"001NCXUSw","0.2",0.2,21949,2513,19436,88.5507312406032,"Control","NC","Copan","control"
"002AcCUSw","0.2",0.2,8182,8106,76,0.928868247372281,"S002","Antecubital","Eswab","sample"
"002AcLUSw_3","0.2",0.2,23229,22892,337,1.45077274097034,"S002","Antecubital","Puritan_buffer","sample"
"002AcLUSw_4","0.2",0.2,6705,6612,93,1.38702460850112,"S002","Antecubital","Omni","sample"
"002AcRUSw_1","0.2",0.2,22930,22651,279,1.21674662014828,"S002","Antecubital","Copan","sample"
"002AcRUSw_2","0.2",0.2,20552,20103,449,2.18470221876216,"S002","Antecubital","Puritan_gel","sample"
"002FhCUSw","0.2",0.2,18372,18360,12,0.0653167864141084,"S002","Forehead","Eswab","sample"
"002FhLUSw_3","0.2",0.2,19696,19696,0,0,"S002","Forehead","Puritan_buffer","sample"
"002FhLUSw_4","0.2",0.2,20113,20113,0,0,"S002","Forehead","Omni","sample"
"002FhRUSw_1","0.2",0.2,12350,12331,19,0.153846153846154,"S002","Forehead","Copan","sample"
"002FhRUSw_2","0.2",0.2,25944,25928,16,0.0616712920135677,"S002","Forehead","Puritan_gel","sample"
"002NCXUSw","0.2",0.2,23836,4057,19779,82.9795267662359,"Control","NC","Puritan_gel","control"
"003AcCUSw","0.2",0.2,13439,12581,858,6.38440360145844,"S003","Antecubital","Eswab","sample"
"003AcLUSw_3","0.2",0.2,6422,6100,322,5.01401432575522,"S003","Antecubital","Puritan_buffer","sample"
"003AcLUSw_4","0.2",0.2,18541,17699,842,4.54128687773044,"S003","Antecubital","Omni","sample"
"003AcRUSw_1","0.2",0.2,15562,14891,671,4.31178511759414,"S003","Antecubital","Copan","sample"
"003AcRUSw_2","0.2",0.2,7635,7525,110,1.4407334643091,"S003","Antecubital","Puritan_gel","sample"
"003FhCUSw","0.2",0.2,8249,8162,87,1.05467329373257,"S003","Forehead","Eswab","sample"
"003FhLUSw_3","0.2",0.2,18909,18906,3,0.0158654608916389,"S003","Forehead","Puritan_buffer","sample"
"003FhLUSw_4","0.2",0.2,14961,14906,55,0.367622485127999,"S003","Forehead","Omni","sample"
"003FhRUSw_1","0.2",0.2,11048,11011,37,0.334902244750181,"S003","Forehead","Copan","sample"
"003FhRUSw_2","0.2",0.2,14496,14489,7,0.0482891832229581,"S003","Forehead","Puritan_gel","sample"
"003NCXUSw","0.2",0.2,16784,3948,12836,76.4775977121068,"Control","NC","Puritan_buffer","control"
"004AcCUSw","0.2",0.2,19097,18832,265,1.38765251086558,"S004","Antecubital","Eswab","sample"
"004AcLUSw_3","0.2",0.2,23544,22681,863,3.66547740400951,"S004","Antecubital","Puritan_buffer","sample"
"004AcLUSw_4","0.2",0.2,26755,23360,3395,12.6892169687909,"S004","Antecubital","Omni","sample"
"004AcRUSw_1","0.2",0.2,21430,19703,1727,8.05879608026132,"S004","Antecubital","Copan","sample"
"004AcRUSw_2","0.2",0.2,23333,17586,5747,24.6303518621695,"S004","Antecubital","Puritan_gel","sample"
"004FhCUSw","0.2",0.2,21899,21743,156,0.712361295036303,"S004","Forehead","Eswab","sample"
"004FhLUSw_3","0.2",0.2,11781,10596,1185,10.0585688820983,"S004","Forehead","Puritan_buffer","sample"
"004FhLUSw_4","0.2",0.2,28264,25951,2313,8.18355505236343,"S004","Forehead","Omni","sample"
"004FhRUSw_1","0.2",0.2,18119,14889,3230,17.8265908714609,"S004","Forehead","Copan","sample"
"004FhRUSw_2","0.2",0.2,18028,14634,3394,18.8262702462836,"S004","Forehead","Puritan_gel","sample"
"004NCXUSw","0.2",0.2,15524,2989,12535,80.7459417675857,"Control","NC","Omni","control"
"005AcCUSw","0.2",0.2,15894,15867,27,0.169875424688562,"S005","Antecubital","Eswab","sample"
"005AcLUSw_3","0.2",0.2,15165,12351,2814,18.5558852621167,"S005","Antecubital","Puritan_buffer","sample"
"005AcLUSw_4","0.2",0.2,17054,12676,4378,25.6713967397678,"S005","Antecubital","Omni","sample"
"005AcRUSw_1","0.2",0.2,17943,17736,207,1.15365323524494,"S005","Antecubital","Copan","sample"
"005AcRUSw_2","0.2",0.2,18217,18022,195,1.07042872042598,"S005","Antecubital","Puritan_gel","sample"
"005FhCUSw","0.2",0.2,24839,21621,3218,12.9554329884456,"S005","Forehead","Eswab","sample"
"005FhLUSw_3","0.2",0.2,26598,26349,249,0.936160613579968,"S005","Forehead","Puritan_buffer","sample"
"005FhLUSw_4","0.2",0.2,12274,11802,472,3.8455271305198,"S005","Forehead","Omni","sample"
"005FhRUSw_1","0.2",0.2,24068,21479,2589,10.757021771647,"S005","Forehead","Copan","sample"
"005FhRUSw_2","0.2",0.2,16931,15607,1324,7.81997519343217,"S005","Forehead","Puritan_gel","sample"
"005NCXUSw","0.2",0.2,12906,9908,2998,23.2295056562839,"Control","NC","Eswab","control"
"001AcCUSw","0.3",0.3,18641,17643,998,5.35379003272357,"S001","Antecubital","Eswab","sample"
"001AcLUSw_3","0.3",0.3,18155,18048,107,0.589369319746626,"S001","Antecubital","Puritan_buffer","sample"
"001AcLUSw_4","0.3",0.3,19841,19705,136,0.685449322110781,"S001","Antecubital","Omni","sample"
"001AcRUSw_1","0.3",0.3,23169,22975,194,0.837325736976132,"S001","Antecubital","Copan","sample"
"001AcRUSw_2","0.3",0.3,16556,16409,147,0.887895626963035,"S001","Antecubital","Puritan_gel","sample"
"001FhCUSw","0.3",0.3,21239,21232,7,0.0329582372051415,"S001","Forehead","Eswab","sample"
"001FhLUSw_3","0.3",0.3,24471,24445,26,0.106248212169507,"S001","Forehead","Puritan_buffer","sample"
"001FhLUSw_4","0.3",0.3,15080,15076,4,0.026525198938992,"S001","Forehead","Omni","sample"
"001FhRUSw_1","0.3",0.3,31711,31707,4,0.0126139194601242,"S001","Forehead","Copan","sample"
"001FhRUSw_2","0.3",0.3,26963,26960,3,0.0111263583429144,"S001","Forehead","Puritan_gel","sample"
"001NCXUSw","0.3",0.3,21949,2470,19479,88.7466399380382,"Control","NC","Copan","control"
"002AcCUSw","0.3",0.3,8182,8106,76,0.928868247372281,"S002","Antecubital","Eswab","sample"
"002AcLUSw_3","0.3",0.3,23229,22850,379,1.63158121313875,"S002","Antecubital","Puritan_buffer","sample"
"002AcLUSw_4","0.3",0.3,6705,6465,240,3.57941834451902,"S002","Antecubital","Omni","sample"
"002AcRUSw_1","0.3",0.3,22930,22651,279,1.21674662014828,"S002","Antecubital","Copan","sample"
"002AcRUSw_2","0.3",0.3,20552,20103,449,2.18470221876216,"S002","Antecubital","Puritan_gel","sample"
"002FhCUSw","0.3",0.3,18372,18360,12,0.0653167864141084,"S002","Forehead","Eswab","sample"
"002FhLUSw_3","0.3",0.3,19696,19696,0,0,"S002","Forehead","Puritan_buffer","sample"
"002FhLUSw_4","0.3",0.3,20113,20113,0,0,"S002","Forehead","Omni","sample"
"002FhRUSw_1","0.3",0.3,12350,12331,19,0.153846153846154,"S002","Forehead","Copan","sample"
"002FhRUSw_2","0.3",0.3,25944,25928,16,0.0616712920135677,"S002","Forehead","Puritan_gel","sample"
"002NCXUSw","0.3",0.3,23836,3896,19940,83.6549756670582,"Control","NC","Puritan_gel","control"
"003AcCUSw","0.3",0.3,13439,12425,1014,7.54520425626907,"S003","Antecubital","Eswab","sample"
"003AcLUSw_3","0.3",0.3,6422,6100,322,5.01401432575522,"S003","Antecubital","Puritan_buffer","sample"
"003AcLUSw_4","0.3",0.3,18541,17542,999,5.38805889649965,"S003","Antecubital","Omni","sample"
"003AcRUSw_1","0.3",0.3,15562,14883,679,4.36319239172343,"S003","Antecubital","Copan","sample"
"003AcRUSw_2","0.3",0.3,7635,7525,110,1.4407334643091,"S003","Antecubital","Puritan_gel","sample"
"003FhCUSw","0.3",0.3,8249,8107,142,1.72142077827615,"S003","Forehead","Eswab","sample"
"003FhLUSw_3","0.3",0.3,18909,18906,3,0.0158654608916389,"S003","Forehead","Puritan_buffer","sample"
"003FhLUSw_4","0.3",0.3,14961,14906,55,0.367622485127999,"S003","Forehead","Omni","sample"
"003FhRUSw_1","0.3",0.3,11048,11011,37,0.334902244750181,"S003","Forehead","Copan","sample"
"003FhRUSw_2","0.3",0.3,14496,14489,7,0.0482891832229581,"S003","Forehead","Puritan_gel","sample"
"003NCXUSw","0.3",0.3,16784,3692,13092,78.0028598665396,"Control","NC","Puritan_buffer","control"
"004AcCUSw","0.3",0.3,19097,17058,2039,10.677069696811,"S004","Antecubital","Eswab","sample"
"004AcLUSw_3","0.3",0.3,23544,22338,1206,5.12232415902141,"S004","Antecubital","Puritan_buffer","sample"
"004AcLUSw_4","0.3",0.3,26755,21045,5710,21.341805270043,"S004","Antecubital","Omni","sample"
"004AcRUSw_1","0.3",0.3,21430,19100,2330,10.8726084927671,"S004","Antecubital","Copan","sample"
"004AcRUSw_2","0.3",0.3,23333,17400,5933,25.4275061072301,"S004","Antecubital","Puritan_gel","sample"
"004FhCUSw","0.3",0.3,21899,21678,221,1.00917850130143,"S004","Forehead","Eswab","sample"
"004FhLUSw_3","0.3",0.3,11781,10563,1218,10.3386809269162,"S004","Forehead","Puritan_buffer","sample"
"004FhLUSw_4","0.3",0.3,28264,25823,2441,8.63642796490235,"S004","Forehead","Omni","sample"
"004FhRUSw_1","0.3",0.3,18119,13227,4892,26.9992825211104,"S004","Forehead","Copan","sample"
"004FhRUSw_2","0.3",0.3,18028,14508,3520,19.5251830485911,"S004","Forehead","Puritan_gel","sample"
"004NCXUSw","0.3",0.3,15524,2989,12535,80.7459417675857,"Control","NC","Omni","control"
"005AcCUSw","0.3",0.3,15894,15867,27,0.169875424688562,"S005","Antecubital","Eswab","sample"
"005AcLUSw_3","0.3",0.3,15165,12351,2814,18.5558852621167,"S005","Antecubital","Puritan_buffer","sample"
"005AcLUSw_4","0.3",0.3,17054,12676,4378,25.6713967397678,"S005","Antecubital","Omni","sample"
"005AcRUSw_1","0.3",0.3,17943,17736,207,1.15365323524494,"S005","Antecubital","Copan","sample"
"005AcRUSw_2","0.3",0.3,18217,18022,195,1.07042872042598,"S005","Antecubital","Puritan_gel","sample"
"005FhCUSw","0.3",0.3,24839,21387,3452,13.8974998993518,"S005","Forehead","Eswab","sample"
"005FhLUSw_3","0.3",0.3,26598,26325,273,1.02639296187683,"S005","Forehead","Puritan_buffer","sample"
"005FhLUSw_4","0.3",0.3,12274,11802,472,3.8455271305198,"S005","Forehead","Omni","sample"
"005FhRUSw_1","0.3",0.3,24068,21479,2589,10.757021771647,"S005","Forehead","Copan","sample"
"005FhRUSw_2","0.3",0.3,16931,15572,1359,8.02669659205008,"S005","Forehead","Puritan_gel","sample"
"005NCXUSw","0.3",0.3,12906,9802,3104,24.0508290717496,"Control","NC","Eswab","control"
"001AcCUSw","0.4",0.4,18641,17614,1027,5.50936108577866,"S001","Antecubital","Eswab","sample"
"001AcLUSw_3","0.4",0.4,18155,18044,111,0.61140181768108,"S001","Antecubital","Puritan_buffer","sample"
"001AcLUSw_4","0.4",0.4,19841,19705,136,0.685449322110781,"S001","Antecubital","Omni","sample"
"001AcRUSw_1","0.4",0.4,23169,22975,194,0.837325736976132,"S001","Antecubital","Copan","sample"
"001AcRUSw_2","0.4",0.4,16556,16405,151,0.912056052186519,"S001","Antecubital","Puritan_gel","sample"
"001FhCUSw","0.4",0.4,21239,21232,7,0.0329582372051415,"S001","Forehead","Eswab","sample"
"001FhLUSw_3","0.4",0.4,24471,24445,26,0.106248212169507,"S001","Forehead","Puritan_buffer","sample"
"001FhLUSw_4","0.4",0.4,15080,15076,4,0.026525198938992,"S001","Forehead","Omni","sample"
"001FhRUSw_1","0.4",0.4,31711,31707,4,0.0126139194601242,"S001","Forehead","Copan","sample"
"001FhRUSw_2","0.4",0.4,26963,26960,3,0.0111263583429144,"S001","Forehead","Puritan_gel","sample"
"001NCXUSw","0.4",0.4,21949,2241,19708,89.7899676522848,"Control","NC","Copan","control"
"002AcCUSw","0.4",0.4,8182,8106,76,0.928868247372281,"S002","Antecubital","Eswab","sample"
"002AcLUSw_3","0.4",0.4,23229,22824,405,1.74351026733824,"S002","Antecubital","Puritan_buffer","sample"
"002AcLUSw_4","0.4",0.4,6705,6458,247,3.68381804623415,"S002","Antecubital","Omni","sample"
"002AcRUSw_1","0.4",0.4,22930,22651,279,1.21674662014828,"S002","Antecubital","Copan","sample"
"002AcRUSw_2","0.4",0.4,20552,20086,466,2.26741922927209,"S002","Antecubital","Puritan_gel","sample"
"002FhCUSw","0.4",0.4,18372,18360,12,0.0653167864141084,"S002","Forehead","Eswab","sample"
"002FhLUSw_3","0.4",0.4,19696,19696,0,0,"S002","Forehead","Puritan_buffer","sample"
"002FhLUSw_4","0.4",0.4,20113,20113,0,0,"S002","Forehead","Omni","sample"
"002FhRUSw_1","0.4",0.4,12350,12331,19,0.153846153846154,"S002","Forehead","Copan","sample"
"002FhRUSw_2","0.4",0.4,25944,25928,16,0.0616712920135677,"S002","Forehead","Puritan_gel","sample"
"002NCXUSw","0.4",0.4,23836,3828,20008,83.9402584326229,"Control","NC","Puritan_gel","control"
"003AcCUSw","0.4",0.4,13439,12394,1045,7.77587618126349,"S003","Antecubital","Eswab","sample"
"003AcLUSw_3","0.4",0.4,6422,5995,427,6.64901899719713,"S003","Antecubital","Puritan_buffer","sample"
"003AcLUSw_4","0.4",0.4,18541,17491,1050,5.66312496629092,"S003","Antecubital","Omni","sample"
"003AcRUSw_1","0.4",0.4,15562,14829,733,4.71019149209613,"S003","Antecubital","Copan","sample"
"003AcRUSw_2","0.4",0.4,7635,7525,110,1.4407334643091,"S003","Antecubital","Puritan_gel","sample"
"003FhCUSw","0.4",0.4,8249,6251,1998,24.2211177112377,"S003","Forehead","Eswab","sample"
"003FhLUSw_3","0.4",0.4,18909,12344,6565,34.7189169178698,"S003","Forehead","Puritan_buffer","sample"
"003FhLUSw_4","0.4",0.4,14961,10540,4421,29.550163759107,"S003","Forehead","Omni","sample"
"003FhRUSw_1","0.4",0.4,11048,7479,3569,32.3044895003621,"S003","Forehead","Copan","sample"
"003FhRUSw_2","0.4",0.4,14496,9047,5449,37.5896799116998,"S003","Forehead","Puritan_gel","sample"
"003NCXUSw","0.4",0.4,16784,3692,13092,78.0028598665396,"Control","NC","Puritan_buffer","control"
"004AcCUSw","0.4",0.4,19097,17051,2046,10.7137246687961,"S004","Antecubital","Eswab","sample"
"004AcLUSw_3","0.4",0.4,23544,22236,1308,5.55555555555556,"S004","Antecubital","Puritan_buffer","sample"
"004AcLUSw_4","0.4",0.4,26755,20965,5790,21.6408148009718,"S004","Antecubital","Omni","sample"
"004AcRUSw_1","0.4",0.4,21430,18897,2533,11.819878674755,"S004","Antecubital","Copan","sample"
"004AcRUSw_2","0.4",0.4,23333,17293,6040,25.8860840869155,"S004","Antecubital","Puritan_gel","sample"
"004FhCUSw","0.4",0.4,21899,21653,246,1.12333896524955,"S004","Forehead","Eswab","sample"
"004FhLUSw_3","0.4",0.4,11781,10536,1245,10.56786350904,"S004","Forehead","Puritan_buffer","sample"
"004FhLUSw_4","0.4",0.4,28264,25823,2441,8.63642796490235,"S004","Forehead","Omni","sample"
"004FhRUSw_1","0.4",0.4,18119,13227,4892,26.9992825211104,"S004","Forehead","Copan","sample"
"004FhRUSw_2","0.4",0.4,18028,14460,3568,19.7914355447082,"S004","Forehead","Puritan_gel","sample"
"004NCXUSw","0.4",0.4,15524,2989,12535,80.7459417675857,"Control","NC","Omni","control"
"005AcCUSw","0.4",0.4,15894,15867,27,0.169875424688562,"S005","Antecubital","Eswab","sample"
"005AcLUSw_3","0.4",0.4,15165,12314,2851,18.7998681173755,"S005","Antecubital","Puritan_buffer","sample"
"005AcLUSw_4","0.4",0.4,17054,12616,4438,26.0232203588601,"S005","Antecubital","Omni","sample"
"005AcRUSw_1","0.4",0.4,17943,17736,207,1.15365323524494,"S005","Antecubital","Copan","sample"
"005AcRUSw_2","0.4",0.4,18217,18014,203,1.11434374485371,"S005","Antecubital","Puritan_gel","sample"
"005FhCUSw","0.4",0.4,24839,21215,3624,14.5899593381376,"S005","Forehead","Eswab","sample"
"005FhLUSw_3","0.4",0.4,26598,26325,273,1.02639296187683,"S005","Forehead","Puritan_buffer","sample"
"005FhLUSw_4","0.4",0.4,12274,11770,504,4.10624083428385,"S005","Forehead","Omni","sample"
"005FhRUSw_1","0.4",0.4,24068,21479,2589,10.757021771647,"S005","Forehead","Copan","sample"
"005FhRUSw_2","0.4",0.4,16931,15502,1429,8.44013938928592,"S005","Forehead","Puritan_gel","sample"
"005NCXUSw","0.4",0.4,12906,9552,3354,25.9879125987913,"Control","NC","Eswab","control"
"001AcCUSw","0.5",0.5,18641,17606,1035,5.55227723834558,"S001","Antecubital","Eswab","sample"
"001AcLUSw_3","0.5",0.5,18155,17993,162,0.892316166345359,"S001","Antecubital","Puritan_buffer","sample"
"001AcLUSw_4","0.5",0.5,19841,19654,187,0.942492817902323,"S001","Antecubital","Omni","sample"
"001AcRUSw_1","0.5",0.5,23169,22970,199,0.858906297207475,"S001","Antecubital","Copan","sample"
"001AcRUSw_2","0.5",0.5,16556,16405,151,0.912056052186519,"S001","Antecubital","Puritan_gel","sample"
"001FhCUSw","0.5",0.5,21239,21232,7,0.0329582372051415,"S001","Forehead","Eswab","sample"
"001FhLUSw_3","0.5",0.5,24471,24445,26,0.106248212169507,"S001","Forehead","Puritan_buffer","sample"
"001FhLUSw_4","0.5",0.5,15080,15076,4,0.026525198938992,"S001","Forehead","Omni","sample"
"001FhRUSw_1","0.5",0.5,31711,31707,4,0.0126139194601242,"S001","Forehead","Copan","sample"
"001FhRUSw_2","0.5",0.5,26963,26960,3,0.0111263583429144,"S001","Forehead","Puritan_gel","sample"
"001NCXUSw","0.5",0.5,21949,2241,19708,89.7899676522848,"Control","NC","Copan","control"
"002AcCUSw","0.5",0.5,8182,7977,205,2.50549987778049,"S002","Antecubital","Eswab","sample"
"002AcLUSw_3","0.5",0.5,23229,22663,566,2.43660941065048,"S002","Antecubital","Puritan_buffer","sample"
"002AcLUSw_4","0.5",0.5,6705,6423,282,4.20581655480984,"S002","Antecubital","Omni","sample"
"002AcRUSw_1","0.5",0.5,22930,22337,593,2.58613170518971,"S002","Antecubital","Copan","sample"
"002AcRUSw_2","0.5",0.5,20552,19939,613,2.98267808485792,"S002","Antecubital","Puritan_gel","sample"
"002FhCUSw","0.5",0.5,18372,18360,12,0.0653167864141084,"S002","Forehead","Eswab","sample"
"002FhLUSw_3","0.5",0.5,19696,19696,0,0,"S002","Forehead","Puritan_buffer","sample"
"002FhLUSw_4","0.5",0.5,20113,20113,0,0,"S002","Forehead","Omni","sample"
"002FhRUSw_1","0.5",0.5,12350,12325,25,0.202429149797571,"S002","Forehead","Copan","sample"
"002FhRUSw_2","0.5",0.5,25944,25903,41,0.158032685784767,"S002","Forehead","Puritan_gel","sample"
"002NCXUSw","0.5",0.5,23836,3763,20073,84.2129551938245,"Control","NC","Puritan_gel","control"
"003AcCUSw","0.5",0.5,13439,12205,1234,9.18223082074559,"S003","Antecubital","Eswab","sample"
"003AcLUSw_3","0.5",0.5,6422,5876,546,8.50202429149798,"S003","Antecubital","Puritan_buffer","sample"
"003AcLUSw_4","0.5",0.5,18541,16910,1631,8.7967207809719,"S003","Antecubital","Omni","sample"
"003AcRUSw_1","0.5",0.5,15562,14708,854,5.48772651330163,"S003","Antecubital","Copan","sample"
"003AcRUSw_2","0.5",0.5,7635,7525,110,1.4407334643091,"S003","Antecubital","Puritan_gel","sample"
"003FhCUSw","0.5",0.5,8249,6251,1998,24.2211177112377,"S003","Forehead","Eswab","sample"
"003FhLUSw_3","0.5",0.5,18909,12344,6565,34.7189169178698,"S003","Forehead","Puritan_buffer","sample"
"003FhLUSw_4","0.5",0.5,14961,10540,4421,29.550163759107,"S003","Forehead","Omni","sample"
"003FhRUSw_1","0.5",0.5,11048,7479,3569,32.3044895003621,"S003","Forehead","Copan","sample"
"003FhRUSw_2","0.5",0.5,14496,9047,5449,37.5896799116998,"S003","Forehead","Puritan_gel","sample"
"003NCXUSw","0.5",0.5,16784,3638,13146,78.3245948522402,"Control","NC","Puritan_buffer","control"
"004AcCUSw","0.5",0.5,19097,17051,2046,10.7137246687961,"S004","Antecubital","Eswab","sample"
"004AcLUSw_3","0.5",0.5,23544,22236,1308,5.55555555555556,"S004","Antecubital","Puritan_buffer","sample"
"004AcLUSw_4","0.5",0.5,26755,20965,5790,21.6408148009718,"S004","Antecubital","Omni","sample"
"004AcRUSw_1","0.5",0.5,21430,18880,2550,11.899206719552,"S004","Antecubital","Copan","sample"
"004AcRUSw_2","0.5",0.5,23333,17221,6112,26.1946599237132,"S004","Antecubital","Puritan_gel","sample"
"004FhCUSw","0.5",0.5,21899,21625,274,1.25119868487146,"S004","Forehead","Eswab","sample"
"004FhLUSw_3","0.5",0.5,11781,10531,1250,10.6103047279518,"S004","Forehead","Puritan_buffer","sample"
"004FhLUSw_4","0.5",0.5,28264,25735,2529,8.94777809227286,"S004","Forehead","Omni","sample"
"004FhRUSw_1","0.5",0.5,18119,13227,4892,26.9992825211104,"S004","Forehead","Copan","sample"
"004FhRUSw_2","0.5",0.5,18028,14460,3568,19.7914355447082,"S004","Forehead","Puritan_gel","sample"
"004NCXUSw","0.5",0.5,15524,2989,12535,80.7459417675857,"Control","NC","Omni","control"
"005AcCUSw","0.5",0.5,15894,15867,27,0.169875424688562,"S005","Antecubital","Eswab","sample"
"005AcLUSw_3","0.5",0.5,15165,12305,2860,18.8592152983844,"S005","Antecubital","Puritan_buffer","sample"
"005AcLUSw_4","0.5",0.5,17054,12616,4438,26.0232203588601,"S005","Antecubital","Omni","sample"
"005AcRUSw_1","0.5",0.5,17943,17736,207,1.15365323524494,"S005","Antecubital","Copan","sample"
"005AcRUSw_2","0.5",0.5,18217,18014,203,1.11434374485371,"S005","Antecubital","Puritan_gel","sample"
"005FhCUSw","0.5",0.5,24839,20935,3904,15.7172188896493,"S005","Forehead","Eswab","sample"
"005FhLUSw_3","0.5",0.5,26598,26325,273,1.02639296187683,"S005","Forehead","Puritan_buffer","sample"
"005FhLUSw_4","0.5",0.5,12274,11770,504,4.10624083428385,"S005","Forehead","Omni","sample"
"005FhRUSw_1","0.5",0.5,24068,21479,2589,10.757021771647,"S005","Forehead","Copan","sample"
"005FhRUSw_2","0.5",0.5,16931,15502,1429,8.44013938928592,"S005","Forehead","Puritan_gel","sample"
"005NCXUSw","0.5",0.5,12906,9502,3404,26.3753293041996,"Control","NC","Eswab","control"
"001AcCUSw","0.6",0.6,18641,11111,7530,40.3948286036157,"S001","Antecubital","Eswab","sample"
"001AcLUSw_3","0.6",0.6,18155,10898,7257,39.9724593775819,"S001","Antecubital","Puritan_buffer","sample"
"001AcLUSw_4","0.6",0.6,19841,10116,9725,49.0146665994658,"S001","Antecubital","Omni","sample"
"001AcRUSw_1","0.6",0.6,23169,6781,16388,70.7324442142518,"S001","Antecubital","Copan","sample"
"001AcRUSw_2","0.6",0.6,16556,13177,3379,20.4095192075381,"S001","Antecubital","Puritan_gel","sample"
"001FhCUSw","0.6",0.6,21239,491,20748,97.6882150760394,"S001","Forehead","Eswab","sample"
"001FhLUSw_3","0.6",0.6,24471,2446,22025,90.0044951166687,"S001","Forehead","Puritan_buffer","sample"
"001FhLUSw_4","0.6",0.6,15080,1701,13379,88.7201591511936,"S001","Forehead","Omni","sample"
"001FhRUSw_1","0.6",0.6,31711,1261,30450,96.0234618901958,"S001","Forehead","Copan","sample"
"001FhRUSw_2","0.6",0.6,26963,2309,24654,91.4364128620702,"S001","Forehead","Puritan_gel","sample"
"001NCXUSw","0.6",0.6,21949,1283,20666,94.154631190487,"Control","NC","Copan","control"
"002AcCUSw","0.6",0.6,8182,4810,3372,41.2124175018333,"S002","Antecubital","Eswab","sample"
"002AcLUSw_3","0.6",0.6,23229,11103,12126,52.2019888931938,"S002","Antecubital","Puritan_buffer","sample"
"002AcLUSw_4","0.6",0.6,6705,4188,2517,37.5391498881432,"S002","Antecubital","Omni","sample"
"002AcRUSw_1","0.6",0.6,22930,6501,16429,71.648495420846,"S002","Antecubital","Copan","sample"
"002AcRUSw_2","0.6",0.6,20552,10069,10483,51.0072012456209,"S002","Antecubital","Puritan_gel","sample"
"002FhCUSw","0.6",0.6,18372,158,18214,99.1399956455476,"S002","Forehead","Eswab","sample"
"002FhLUSw_3","0.6",0.6,19696,357,19339,98.1874492282697,"S002","Forehead","Puritan_buffer","sample"
"002FhLUSw_4","0.6",0.6,20113,265,19848,98.6824441903247,"S002","Forehead","Omni","sample"
"002FhRUSw_1","0.6",0.6,12350,831,11519,93.2712550607287,"S002","Forehead","Copan","sample"
"002FhRUSw_2","0.6",0.6,25944,2489,23455,90.4062596361394,"S002","Forehead","Puritan_gel","sample"
"002NCXUSw","0.6",0.6,23836,2352,21484,90.1325725792918,"Control","NC","Puritan_gel","control"
"003AcCUSw","0.6",0.6,13439,8690,4749,35.3374507031773,"S003","Antecubital","Eswab","sample"
"003AcLUSw_3","0.6",0.6,6422,5237,1185,18.4521955777017,"S003","Antecubital","Puritan_buffer","sample"
"003AcLUSw_4","0.6",0.6,18541,15531,3010,16.234291570034,"S003","Antecubital","Omni","sample"
"003AcRUSw_1","0.6",0.6,15562,12207,3355,21.5589255879707,"S003","Antecubital","Copan","sample"
"003AcRUSw_2","0.6",0.6,7635,5279,2356,30.8578912901113,"S003","Antecubital","Puritan_gel","sample"
"003FhCUSw","0.6",0.6,8249,4921,3328,40.3442841556552,"S003","Forehead","Eswab","sample"
"003FhLUSw_3","0.6",0.6,18909,12310,6599,34.8987254746417,"S003","Forehead","Puritan_buffer","sample"
"003FhLUSw_4","0.6",0.6,14961,10007,4954,33.1127598422565,"S003","Forehead","Omni","sample"
"003FhRUSw_1","0.6",0.6,11048,7011,4037,36.5405503258508,"S003","Forehead","Copan","sample"
"003FhRUSw_2","0.6",0.6,14496,9002,5494,37.9001103752759,"S003","Forehead","Puritan_gel","sample"
"003NCXUSw","0.6",0.6,16784,1644,15140,90.2049571020019,"Control","NC","Puritan_buffer","control"
"004AcCUSw","0.6",0.6,19097,16303,2794,14.6305702466356,"S004","Antecubital","Eswab","sample"
"004AcLUSw_3","0.6",0.6,23544,20737,2807,11.9223581379545,"S004","Antecubital","Puritan_buffer","sample"
"004AcLUSw_4","0.6",0.6,26755,19085,7670,28.6675387777985,"S004","Antecubital","Omni","sample"
"004AcRUSw_1","0.6",0.6,21430,17465,3965,18.5020998600093,"S004","Antecubital","Copan","sample"
"004AcRUSw_2","0.6",0.6,23333,14700,8633,36.9990999871427,"S004","Antecubital","Puritan_gel","sample"
"004FhCUSw","0.6",0.6,21899,3941,17958,82.0037444632175,"S004","Forehead","Eswab","sample"
"004FhLUSw_3","0.6",0.6,11781,8572,3209,27.2387742975978,"S004","Forehead","Puritan_buffer","sample"
"004FhLUSw_4","0.6",0.6,28264,20269,7995,28.2868666855364,"S004","Forehead","Omni","sample"
"004FhRUSw_1","0.6",0.6,18119,8535,9584,52.8947513659694,"S004","Forehead","Copan","sample"
"004FhRUSw_2","0.6",0.6,18028,10829,7199,39.9323274905702,"S004","Forehead","Puritan_gel","sample"
"004NCXUSw","0.6",0.6,15524,1427,14097,90.8077814996135,"Control","NC","Omni","control"
"005AcCUSw","0.6",0.6,15894,14834,1060,6.66918333962502,"S005","Antecubital","Eswab","sample"
"005AcLUSw_3","0.6",0.6,15165,11977,3188,21.0220903395978,"S005","Antecubital","Puritan_buffer","sample"
"005AcLUSw_4","0.6",0.6,17054,11978,5076,29.7642781752082,"S005","Antecubital","Omni","sample"
"005AcRUSw_1","0.6",0.6,17943,17567,376,2.0955247171599,"S005","Antecubital","Copan","sample"
"005AcRUSw_2","0.6",0.6,18217,17948,269,1.4766426963825,"S005","Antecubital","Puritan_gel","sample"
"005FhCUSw","0.6",0.6,24839,13146,11693,47.075164056524,"S005","Forehead","Eswab","sample"
"005FhLUSw_3","0.6",0.6,26598,14887,11711,44.0296262876908,"S005","Forehead","Puritan_buffer","sample"
"005FhLUSw_4","0.6",0.6,12274,7513,4761,38.7893107381457,"S005","Forehead","Omni","sample"
"005FhRUSw_1","0.6",0.6,24068,5634,18434,76.5913245803557,"S005","Forehead","Copan","sample"
"005FhRUSw_2","0.6",0.6,16931,7000,9931,58.655720276416,"S005","Forehead","Puritan_gel","sample"
"005NCXUSw","0.6",0.6,12906,1522,11384,88.2070354873702,"Control","NC","Eswab","control"
"001AcCUSw","0.7",0.7,18641,9505,9136,49.0102462314254,"S001","Antecubital","Eswab","sample"
"001AcLUSw_3","0.7",0.7,18155,9350,8805,48.4990360782154,"S001","Antecubital","Puritan_buffer","sample"
"001AcLUSw_4","0.7",0.7,19841,8827,11014,55.5113149538834,"S001","Antecubital","Omni","sample"
"001AcRUSw_1","0.7",0.7,23169,5692,17477,75.4326902326384,"S001","Antecubital","Copan","sample"
"001AcRUSw_2","0.7",0.7,16556,10016,6540,39.5022952403962,"S001","Antecubital","Puritan_gel","sample"
"001FhCUSw","0.7",0.7,21239,441,20798,97.9236310560761,"S001","Forehead","Eswab","sample"
"001FhLUSw_3","0.7",0.7,24471,2406,22065,90.1679539046218,"S001","Forehead","Puritan_buffer","sample"
"001FhLUSw_4","0.7",0.7,15080,1701,13379,88.7201591511936,"S001","Forehead","Omni","sample"
"001FhRUSw_1","0.7",0.7,31711,1236,30475,96.1022988868216,"S001","Forehead","Copan","sample"
"001FhRUSw_2","0.7",0.7,26963,2272,24691,91.5736379482995,"S001","Forehead","Puritan_gel","sample"
"001NCXUSw","0.7",0.7,21949,1283,20666,94.154631190487,"Control","NC","Copan","control"
"002AcCUSw","0.7",0.7,8182,4144,4038,49.3522366169641,"S002","Antecubital","Eswab","sample"
"002AcLUSw_3","0.7",0.7,23229,9691,13538,58.2805975289509,"S002","Antecubital","Puritan_buffer","sample"
"002AcLUSw_4","0.7",0.7,6705,3554,3151,46.9947800149142,"S002","Antecubital","Omni","sample"
"002AcRUSw_1","0.7",0.7,22930,5970,16960,73.964238988225,"S002","Antecubital","Copan","sample"
"002AcRUSw_2","0.7",0.7,20552,9377,11175,54.3742701440249,"S002","Antecubital","Puritan_gel","sample"
"002FhCUSw","0.7",0.7,18372,151,18221,99.1780971042891,"S002","Forehead","Eswab","sample"
"002FhLUSw_3","0.7",0.7,19696,347,19349,98.2382209585703,"S002","Forehead","Puritan_buffer","sample"
"002FhLUSw_4","0.7",0.7,20113,261,19852,98.7023318251877,"S002","Forehead","Omni","sample"
"002FhRUSw_1","0.7",0.7,12350,797,11553,93.5465587044534,"S002","Forehead","Copan","sample"
"002FhRUSw_2","0.7",0.7,25944,2188,23756,91.5664508171446,"S002","Forehead","Puritan_gel","sample"
"002NCXUSw","0.7",0.7,23836,2352,21484,90.1325725792918,"Control","NC","Puritan_gel","control"
"003AcCUSw","0.7",0.7,13439,7696,5743,42.7338343626758,"S003","Antecubital","Eswab","sample"
"003AcLUSw_3","0.7",0.7,6422,4527,1895,29.5079414512613,"S003","Antecubital","Puritan_buffer","sample"
"003AcLUSw_4","0.7",0.7,18541,13553,4988,26.9025403160563,"S003","Antecubital","Omni","sample"
"003AcRUSw_1","0.7",0.7,15562,9851,5711,36.6983678190464,"S003","Antecubital","Copan","sample"
"003AcRUSw_2","0.7",0.7,7635,5104,2531,33.1499672560576,"S003","Antecubital","Puritan_gel","sample"
"003FhCUSw","0.7",0.7,8249,4806,3443,41.7383925324282,"S003","Forehead","Eswab","sample"
"003FhLUSw_3","0.7",0.7,18909,12310,6599,34.8987254746417,"S003","Forehead","Puritan_buffer","sample"
"003FhLUSw_4","0.7",0.7,14961,9963,4998,33.4068578303589,"S003","Forehead","Omni","sample"
"003FhRUSw_1","0.7",0.7,11048,6998,4050,36.6582186821144,"S003","Forehead","Copan","sample"
"003FhRUSw_2","0.7",0.7,14496,9002,5494,37.9001103752759,"S003","Forehead","Puritan_gel","sample"
"003NCXUSw","0.7",0.7,16784,1644,15140,90.2049571020019,"Control","NC","Puritan_buffer","control"
"004AcCUSw","0.7",0.7,19097,14446,4651,24.3546106718333,"S004","Antecubital","Eswab","sample"
"004AcLUSw_3","0.7",0.7,23544,17209,6335,26.9070676180768,"S004","Antecubital","Puritan_buffer","sample"
"004AcLUSw_4","0.7",0.7,26755,14283,12472,46.6155858717997,"S004","Antecubital","Omni","sample"
"004AcRUSw_1","0.7",0.7,21430,14296,7134,33.2897806812879,"S004","Antecubital","Copan","sample"
"004AcRUSw_2","0.7",0.7,23333,11138,12195,52.2650323576051,"S004","Antecubital","Puritan_gel","sample"
"004FhCUSw","0.7",0.7,21899,3388,18511,84.52897392575,"S004","Forehead","Eswab","sample"
"004FhLUSw_3","0.7",0.7,11781,8226,3555,30.1757066462949,"S004","Forehead","Puritan_buffer","sample"
"004FhLUSw_4","0.7",0.7,28264,18887,9377,33.176478913105,"S004","Forehead","Omni","sample"
"004FhRUSw_1","0.7",0.7,18119,8161,9958,54.9588829405596,"S004","Forehead","Copan","sample"
"004FhRUSw_2","0.7",0.7,18028,9853,8175,45.3461282449523,"S004","Forehead","Puritan_gel","sample"
"004NCXUSw","0.7",0.7,15524,1427,14097,90.8077814996135,"Control","NC","Omni","control"
"005AcCUSw","0.7",0.7,15894,13212,2682,16.8742921857305,"S005","Antecubital","Eswab","sample"
"005AcLUSw_3","0.7",0.7,15165,10483,4682,30.8737223870755,"S005","Antecubital","Puritan_buffer","sample"
"005AcLUSw_4","0.7",0.7,17054,10419,6635,38.905828544623,"S005","Antecubital","Omni","sample"
"005AcRUSw_1","0.7",0.7,17943,15226,2717,15.1423953630942,"S005","Antecubital","Copan","sample"
"005AcRUSw_2","0.7",0.7,18217,15304,2913,15.990558269748,"S005","Antecubital","Puritan_gel","sample"
"005FhCUSw","0.7",0.7,24839,9965,14874,59.8816377470913,"S005","Forehead","Eswab","sample"
"005FhLUSw_3","0.7",0.7,26598,14489,12109,45.5259793969471,"S005","Forehead","Puritan_buffer","sample"
"005FhLUSw_4","0.7",0.7,12274,7475,4799,39.0989082613655,"S005","Forehead","Omni","sample"
"005FhRUSw_1","0.7",0.7,24068,4587,19481,80.9414990859232,"S005","Forehead","Copan","sample"
"005FhRUSw_2","0.7",0.7,16931,6096,10835,63.9950386864332,"S005","Forehead","Puritan_gel","sample"
"005NCXUSw","0.7",0.7,12906,1522,11384,88.2070354873702,"Control","NC","Eswab","control"
"001AcCUSw","0.8",0.8,18641,7821,10820,58.0440963467625,"S001","Antecubital","Eswab","sample"
"001AcLUSw_3","0.8",0.8,18155,7189,10966,60.4020930873038,"S001","Antecubital","Puritan_buffer","sample"
"001AcLUSw_4","0.8",0.8,19841,6645,13196,66.5087445189255,"S001","Antecubital","Omni","sample"
"001AcRUSw_1","0.8",0.8,23169,4599,18570,80.1502006992101,"S001","Antecubital","Copan","sample"
"001AcRUSw_2","0.8",0.8,16556,8316,8240,49.7704759603769,"S001","Antecubital","Puritan_gel","sample"
"001FhCUSw","0.8",0.8,21239,430,20809,97.9754225716842,"S001","Forehead","Eswab","sample"
"001FhLUSw_3","0.8",0.8,24471,1929,22542,92.1171999509624,"S001","Forehead","Puritan_buffer","sample"
"001FhLUSw_4","0.8",0.8,15080,1346,13734,91.0742705570292,"S001","Forehead","Omni","sample"
"001FhRUSw_1","0.8",0.8,31711,1008,30703,96.8212922960487,"S001","Forehead","Copan","sample"
"001FhRUSw_2","0.8",0.8,26963,1698,25265,93.7024811779105,"S001","Forehead","Puritan_gel","sample"
"001NCXUSw","0.8",0.8,21949,1186,20763,94.5965647637706,"Control","NC","Copan","control"
"002AcCUSw","0.8",0.8,8182,2469,5713,69.8240039110242,"S002","Antecubital","Eswab","sample"
"002AcLUSw_3","0.8",0.8,23229,7792,15437,66.4557234491369,"S002","Antecubital","Puritan_buffer","sample"
"002AcLUSw_4","0.8",0.8,6705,3156,3549,52.9306487695749,"S002","Antecubital","Omni","sample"
"002AcRUSw_1","0.8",0.8,22930,5595,17335,75.5996511120802,"S002","Antecubital","Copan","sample"
"002AcRUSw_2","0.8",0.8,20552,8496,12056,58.6609575710393,"S002","Antecubital","Puritan_gel","sample"
"002FhCUSw","0.8",0.8,18372,143,18229,99.2216416285652,"S002","Forehead","Eswab","sample"
"002FhLUSw_3","0.8",0.8,19696,338,19358,98.2839155158408,"S002","Forehead","Puritan_buffer","sample"
"002FhLUSw_4","0.8",0.8,20113,249,19864,98.7619947297768,"S002","Forehead","Omni","sample"
"002FhRUSw_1","0.8",0.8,12350,737,11613,94.0323886639676,"S002","Forehead","Copan","sample"
"002FhRUSw_2","0.8",0.8,25944,2179,23765,91.6011409189022,"S002","Forehead","Puritan_gel","sample"
"002NCXUSw","0.8",0.8,23836,1978,21858,91.7016277898976,"Control","NC","Puritan_gel","control"
"003AcCUSw","0.8",0.8,13439,6083,7356,54.7362154922241,"S003","Antecubital","Eswab","sample"
"003AcLUSw_3","0.8",0.8,6422,3060,3362,52.3512924322641,"S003","Antecubital","Puritan_buffer","sample"
"003AcLUSw_4","0.8",0.8,18541,8864,9677,52.1924383798069,"S003","Antecubital","Omni","sample"
"003AcRUSw_1","0.8",0.8,15562,7722,7840,50.3791286467035,"S003","Antecubital","Copan","sample"
"003AcRUSw_2","0.8",0.8,7635,3913,3722,48.7491814014407,"S003","Antecubital","Puritan_gel","sample"
"003FhCUSw","0.8",0.8,8249,4711,3538,42.890047278458,"S003","Forehead","Eswab","sample"
"003FhLUSw_3","0.8",0.8,18909,12310,6599,34.8987254746417,"S003","Forehead","Puritan_buffer","sample"
"003FhLUSw_4","0.8",0.8,14961,9850,5111,34.1621549361674,"S003","Forehead","Omni","sample"
"003FhRUSw_1","0.8",0.8,11048,6931,4117,37.2646632874728,"S003","Forehead","Copan","sample"
"003FhRUSw_2","0.8",0.8,14496,8991,5505,37.9759933774834,"S003","Forehead","Puritan_gel","sample"
"003NCXUSw","0.8",0.8,16784,1601,15183,90.4611534795043,"Control","NC","Puritan_buffer","control"
"004AcCUSw","0.8",0.8,19097,8151,10946,57.3179033356025,"S004","Antecubital","Eswab","sample"
"004AcLUSw_3","0.8",0.8,23544,6331,17213,73.109921848454,"S004","Antecubital","Puritan_buffer","sample"
"004AcLUSw_4","0.8",0.8,26755,9667,17088,63.8684358063913,"S004","Antecubital","Omni","sample"
"004AcRUSw_1","0.8",0.8,21430,11973,9457,44.129724685021,"S004","Antecubital","Copan","sample"
"004AcRUSw_2","0.8",0.8,23333,8832,14501,62.1480306861527,"S004","Antecubital","Puritan_gel","sample"
"004FhCUSw","0.8",0.8,21899,2880,19019,86.8487145531759,"S004","Forehead","Eswab","sample"
"004FhLUSw_3","0.8",0.8,11781,7529,4252,36.0920125626008,"S004","Forehead","Puritan_buffer","sample"
"004FhLUSw_4","0.8",0.8,28264,17050,11214,39.6759128219643,"S004","Forehead","Omni","sample"
"004FhRUSw_1","0.8",0.8,18119,7545,10574,58.3586290634141,"S004","Forehead","Copan","sample"
"004FhRUSw_2","0.8",0.8,18028,8469,9559,53.0230752163302,"S004","Forehead","Puritan_gel","sample"
"004NCXUSw","0.8",0.8,15524,1427,14097,90.8077814996135,"Control","NC","Omni","control"
"005AcCUSw","0.8",0.8,15894,13076,2818,17.7299609915691,"S005","Antecubital","Eswab","sample"
"005AcLUSw_3","0.8",0.8,15165,8938,6227,41.061655126937,"S005","Antecubital","Puritan_buffer","sample"
"005AcLUSw_4","0.8",0.8,17054,8442,8612,50.4984167937141,"S005","Antecubital","Omni","sample"
"005AcRUSw_1","0.8",0.8,17943,14615,3328,18.5476230284791,"S005","Antecubital","Copan","sample"
"005AcRUSw_2","0.8",0.8,18217,12804,5413,29.7140034034144,"S005","Antecubital","Puritan_gel","sample"
"005FhCUSw","0.8",0.8,24839,8117,16722,67.3215507870687,"S005","Forehead","Eswab","sample"
"005FhLUSw_3","0.8",0.8,26598,12726,13872,52.1542973155876,"S005","Forehead","Puritan_buffer","sample"
"005FhLUSw_4","0.8",0.8,12274,7300,4974,40.5246863288252,"S005","Forehead","Omni","sample"
"005FhRUSw_1","0.8",0.8,24068,3376,20692,85.9730762838624,"S005","Forehead","Copan","sample"
"005FhRUSw_2","0.8",0.8,16931,4587,12344,72.9076841297029,"S005","Forehead","Puritan_gel","sample"
"005NCXUSw","0.8",0.8,12906,1320,11586,89.7721989772199,"Control","NC","Eswab","control"
"001AcCUSw","0.9",0.9,18641,6330,12311,66.0425942814227,"S001","Antecubital","Eswab","sample"
"001AcLUSw_3","0.9",0.9,18155,4544,13611,74.971082346461,"S001","Antecubital","Puritan_buffer","sample"
"001AcLUSw_4","0.9",0.9,19841,4311,15530,78.2722645027972,"S001","Antecubital","Omni","sample"
"001AcRUSw_1","0.9",0.9,23169,3076,20093,86.7236393456774,"S001","Antecubital","Copan","sample"
"001AcRUSw_2","0.9",0.9,16556,3027,13529,81.7165982121285,"S001","Antecubital","Puritan_gel","sample"
"001FhCUSw","0.9",0.9,21239,418,20821,98.031922406893,"S001","Forehead","Eswab","sample"
"001FhLUSw_3","0.9",0.9,24471,1840,22631,92.480895754158,"S001","Forehead","Puritan_buffer","sample"
"001FhLUSw_4","0.9",0.9,15080,1288,13792,91.4588859416446,"S001","Forehead","Omni","sample"
"001FhRUSw_1","0.9",0.9,31711,912,30799,97.1240263630917,"S001","Forehead","Copan","sample"
"001FhRUSw_2","0.9",0.9,26963,1539,25424,94.2921781700849,"S001","Forehead","Puritan_gel","sample"
"001NCXUSw","0.9",0.9,21949,1186,20763,94.5965647637706,"Control","NC","Copan","control"
"002AcCUSw","0.9",0.9,8182,1068,7114,86.9469567342948,"S002","Antecubital","Eswab","sample"
"002AcLUSw_3","0.9",0.9,23229,6961,16268,70.0331482198975,"S002","Antecubital","Puritan_buffer","sample"
"002AcLUSw_4","0.9",0.9,6705,2205,4500,67.1140939597315,"S002","Antecubital","Omni","sample"
"002AcRUSw_1","0.9",0.9,22930,5333,17597,76.7422590492804,"S002","Antecubital","Copan","sample"
"002AcRUSw_2","0.9",0.9,20552,8071,12481,60.7288828337875,"S002","Antecubital","Puritan_gel","sample"
"002FhCUSw","0.9",0.9,18372,135,18237,99.2651861528413,"S002","Forehead","Eswab","sample"
"002FhLUSw_3","0.9",0.9,19696,314,19382,98.4057676685621,"S002","Forehead","Puritan_buffer","sample"
"002FhLUSw_4","0.9",0.9,20113,215,19898,98.9310396261125,"S002","Forehead","Omni","sample"
"002FhRUSw_1","0.9",0.9,12350,693,11657,94.3886639676113,"S002","Forehead","Copan","sample"
"002FhRUSw_2","0.9",0.9,25944,1937,24007,92.5339192106075,"S002","Forehead","Puritan_gel","sample"
"002NCXUSw","0.9",0.9,23836,1978,21858,91.7016277898976,"Control","NC","Puritan_gel","control"
"003AcCUSw","0.9",0.9,13439,5040,8399,62.4972096138106,"S003","Antecubital","Eswab","sample"
"003AcLUSw_3","0.9",0.9,6422,2915,3507,54.6091560261601,"S003","Antecubital","Puritan_buffer","sample"
"003AcLUSw_4","0.9",0.9,18541,7306,11235,60.5954371393129,"S003","Antecubital","Omni","sample"
"003AcRUSw_1","0.9",0.9,15562,6827,8735,56.1303174399177,"S003","Antecubital","Copan","sample"
"003AcRUSw_2","0.9",0.9,7635,3758,3877,50.7793058284217,"S003","Antecubital","Puritan_gel","sample"
"003FhCUSw","0.9",0.9,8249,532,7717,93.550733422233,"S003","Forehead","Eswab","sample"
"003FhLUSw_3","0.9",0.9,18909,344,18565,98.1807604844254,"S003","Forehead","Puritan_buffer","sample"
"003FhLUSw_4","0.9",0.9,14961,1534,13427,89.7466746875209,"S003","Forehead","Omni","sample"
"003FhRUSw_1","0.9",0.9,11048,286,10762,97.4112961622013,"S003","Forehead","Copan","sample"
"003FhRUSw_2","0.9",0.9,14496,46,14450,99.6826710816777,"S003","Forehead","Puritan_gel","sample"
"003NCXUSw","0.9",0.9,16784,1601,15183,90.4611534795043,"Control","NC","Puritan_buffer","control"
"004AcCUSw","0.9",0.9,19097,3215,15882,83.1648950096874,"S004","Antecubital","Eswab","sample"
"004AcLUSw_3","0.9",0.9,23544,2421,21123,89.717125382263,"S004","Antecubital","Puritan_buffer","sample"
"004AcLUSw_4","0.9",0.9,26755,4070,22685,84.7878901139974,"S004","Antecubital","Omni","sample"
"004AcRUSw_1","0.9",0.9,21430,7152,14278,66.6262249183388,"S004","Antecubital","Copan","sample"
"004AcRUSw_2","0.9",0.9,23333,3652,19681,84.3483478335405,"S004","Antecubital","Puritan_gel","sample"
"004FhCUSw","0.9",0.9,21899,1089,20810,95.0271701904197,"S004","Forehead","Eswab","sample"
"004FhLUSw_3","0.9",0.9,11781,3124,8657,73.4827264239029,"S004","Forehead","Puritan_buffer","sample"
"004FhLUSw_4","0.9",0.9,28264,7377,20887,73.8996603453156,"S004","Forehead","Omni","sample"
"004FhRUSw_1","0.9",0.9,18119,2476,15643,86.3347866880071,"S004","Forehead","Copan","sample"
"004FhRUSw_2","0.9",0.9,18028,3518,14510,80.4859108054138,"S004","Forehead","Puritan_gel","sample"
"004NCXUSw","0.9",0.9,15524,1427,14097,90.8077814996135,"Control","NC","Omni","control"
"005AcCUSw","0.9",0.9,15894,10297,5597,35.2145463696993,"S005","Antecubital","Eswab","sample"
"005AcLUSw_3","0.9",0.9,15165,6694,8471,55.8588855918233,"S005","Antecubital","Puritan_buffer","sample"
"005AcLUSw_4","0.9",0.9,17054,6586,10468,61.3814940776357,"S005","Antecubital","Omni","sample"
"005AcRUSw_1","0.9",0.9,17943,11939,6004,33.4615170261383,"S005","Antecubital","Copan","sample"
"005AcRUSw_2","0.9",0.9,18217,11088,7129,39.133776143163,"S005","Antecubital","Puritan_gel","sample"
"005FhCUSw","0.9",0.9,24839,6806,18033,72.5995410443255,"S005","Forehead","Eswab","sample"
"005FhLUSw_3","0.9",0.9,26598,9259,17339,65.1891119633055,"S005","Forehead","Puritan_buffer","sample"
"005FhLUSw_4","0.9",0.9,12274,251,12023,97.9550268861007,"S005","Forehead","Omni","sample"
"005FhRUSw_1","0.9",0.9,24068,2120,21948,91.1916237327572,"S005","Forehead","Copan","sample"
"005FhRUSw_2","0.9",0.9,16931,2597,14334,84.6612722225504,"S005","Forehead","Puritan_gel","sample"
"005NCXUSw","0.9",0.9,12906,1320,11586,89.7721989772199,"Control","NC","Eswab","control"
