"filter_id","filter","sample_name","bray_curtis_to_unfiltered","composition_similarity","subject_id","site_group","swab_type2","Type"
"no_filter","No additional filter","001AcCUSw",0,1,"S001","Antecubital","Eswab","Type 5"
"no_filter","No additional filter","001AcLUSw_3",0,1,"S001","Antecubital","Puritan_buffer","Type 3"
"no_filter","No additional filter","001AcLUSw_4",0,1,"S001","Antecubital","Omni","Type 4"
"no_filter","No additional filter","001AcRUSw_1",0,1,"S001","Antecubital","Copan","Type 1"
"no_filter","No additional filter","001AcRUSw_2",0,1,"S001","Antecubital","Puritan_gel","Type 2"
"no_filter","No additional filter","001FhCUSw",0,1,"S001","Forehead","Eswab","Type 5"
"no_filter","No additional filter","001FhLUSw_3",0,1,"S001","Forehead","Puritan_buffer","Type 3"
"no_filter","No additional filter","001FhLUSw_4",0,1,"S001","Forehead","Omni","Type 4"
"no_filter","No additional filter","001FhRUSw_1",0,1,"S001","Forehead","Copan","Type 1"
"no_filter","No additional filter","001FhRUSw_2",0,1,"S001","Forehead","Puritan_gel","Type 2"
"no_filter","No additional filter","002AcCUSw",0,1,"S002","Antecubital","Eswab","Type 5"
"no_filter","No additional filter","002AcLUSw_3",0,1,"S002","Antecubital","Puritan_buffer","Type 3"
"no_filter","No additional filter","002AcLUSw_4",0,1,"S002","Antecubital","Omni","Type 4"
"no_filter","No additional filter","002AcRUSw_1",0,1,"S002","Antecubital","Copan","Type 1"
"no_filter","No additional filter","002AcRUSw_2",0,1,"S002","Antecubital","Puritan_gel","Type 2"
"no_filter","No additional filter","002FhCUSw",0,1,"S002","Forehead","Eswab","Type 5"
"no_filter","No additional filter","002FhLUSw_3",0,1,"S002","Forehead","Puritan_buffer","Type 3"
"no_filter","No additional filter","002FhLUSw_4",0,1,"S002","Forehead","Omni","Type 4"
"no_filter","No additional filter","002FhRUSw_1",0,1,"S002","Forehead","Copan","Type 1"
"no_filter","No additional filter","002FhRUSw_2",0,1,"S002","Forehead","Puritan_gel","Type 2"
"no_filter","No additional filter","003AcCUSw",0,1,"S003","Antecubital","Eswab","Type 5"
"no_filter","No additional filter","003AcLUSw_3",0,1,"S003","Antecubital","Puritan_buffer","Type 3"
"no_filter","No additional filter","003AcLUSw_4",0,1,"S003","Antecubital","Omni","Type 4"
"no_filter","No additional filter","003AcRUSw_1",0,1,"S003","Antecubital","Copan","Type 1"
"no_filter","No additional filter","003AcRUSw_2",0,1,"S003","Antecubital","Puritan_gel","Type 2"
"no_filter","No additional filter","003FhCUSw",0,1,"S003","Forehead","Eswab","Type 5"
"no_filter","No additional filter","003FhLUSw_3",0,1,"S003","Forehead","Puritan_buffer","Type 3"
"no_filter","No additional filter","003FhLUSw_4",0,1,"S003","Forehead","Omni","Type 4"
"no_filter","No additional filter","003FhRUSw_1",0,1,"S003","Forehead","Copan","Type 1"
"no_filter","No additional filter","003FhRUSw_2",0,1,"S003","Forehead","Puritan_gel","Type 2"
"no_filter","No additional filter","004AcCUSw",0,1,"S004","Antecubital","Eswab","Type 5"
"no_filter","No additional filter","004AcLUSw_3",0,1,"S004","Antecubital","Puritan_buffer","Type 3"
"no_filter","No additional filter","004AcLUSw_4",0,1,"S004","Antecubital","Omni","Type 4"
"no_filter","No additional filter","004AcRUSw_1",0,1,"S004","Antecubital","Copan","Type 1"
"no_filter","No additional filter","004AcRUSw_2",0,1,"S004","Antecubital","Puritan_gel","Type 2"
"no_filter","No additional filter","004FhCUSw",0,1,"S004","Forehead","Eswab","Type 5"
"no_filter","No additional filter","004FhLUSw_3",0,1,"S004","Forehead","Puritan_buffer","Type 3"
"no_filter","No additional filter","004FhLUSw_4",0,1,"S004","Forehead","Omni","Type 4"
"no_filter","No additional filter","004FhRUSw_1",0,1,"S004","Forehead","Copan","Type 1"
"no_filter","No additional filter","004FhRUSw_2",0,1,"S004","Forehead","Puritan_gel","Type 2"
"no_filter","No additional filter","005AcCUSw",0,1,"S005","Antecubital","Eswab","Type 5"
"no_filter","No additional filter","005AcLUSw_3",0,1,"S005","Antecubital","Puritan_buffer","Type 3"
"no_filter","No additional filter","005AcLUSw_4",0,1,"S005","Antecubital","Omni","Type 4"
"no_filter","No additional filter","005AcRUSw_1",0,1,"S005","Antecubital","Copan","Type 1"
"no_filter","No additional filter","005AcRUSw_2",0,1,"S005","Antecubital","Puritan_gel","Type 2"
"no_filter","No additional filter","005FhCUSw",0,1,"S005","Forehead","Eswab","Type 5"
"no_filter","No additional filter","005FhLUSw_3",0,1,"S005","Forehead","Puritan_buffer","Type 3"
"no_filter","No additional filter","005FhLUSw_4",0,1,"S005","Forehead","Omni","Type 4"
"no_filter","No additional filter","005FhRUSw_1",0,1,"S005","Forehead","Copan","Type 1"
"no_filter","No additional filter","005FhRUSw_2",0,1,"S005","Forehead","Puritan_gel","Type 2"
"remove_count_le_1","Remove count <=1","001AcCUSw",5.67988185845775e-05,0.999943201181415,"S001","Antecubital","Eswab","Type 5"
"remove_count_le_1","Remove count <=1","001AcLUSw_3",0.000333463013394106,0.999666536986606,"S001","Antecubital","Puritan_buffer","Type 3"
"remove_count_le_1","Remove count <=1","001AcLUSw_4",0.000203520911773684,0.999796479088226,"S001","Antecubital","Omni","Type 4"
"remove_count_le_1","Remove count <=1","001AcRUSw_1",0,1,"S001","Antecubital","Copan","Type 1"
"remove_count_le_1","Remove count <=1","001AcRUSw_2",0.000304785126485847,0.999695214873514,"S001","Antecubital","Puritan_gel","Type 2"
"remove_count_le_1","Remove count <=1","001FhCUSw",0,1,"S001","Forehead","Eswab","Type 5"
"remove_count_le_1","Remove count <=1","001FhLUSw_3",0.000163632644712615,0.999836367355287,"S001","Forehead","Puritan_buffer","Type 3"
"remove_count_le_1","Remove count <=1","001FhLUSw_4",0,1,"S001","Forehead","Omni","Type 4"
"remove_count_le_1","Remove count <=1","001FhRUSw_1",0,1,"S001","Forehead","Copan","Type 1"
"remove_count_le_1","Remove count <=1","001FhRUSw_2",7.41839762611369e-05,0.999925816023739,"S001","Forehead","Puritan_gel","Type 2"
"remove_count_le_1","Remove count <=1","002AcCUSw",0.00012536041118215,0.999874639588818,"S002","Antecubital","Eswab","Type 5"
"remove_count_le_1","Remove count <=1","002AcLUSw_3",0.000132374354675029,0.999867625645325,"S002","Antecubital","Puritan_buffer","Type 3"
"remove_count_le_1","Remove count <=1","002AcLUSw_4",0,1,"S002","Antecubital","Omni","Type 4"
"remove_count_le_1","Remove count <=1","002AcRUSw_1",4.47687693065259e-05,0.999955231230694,"S002","Antecubital","Copan","Type 1"
"remove_count_le_1","Remove count <=1","002AcRUSw_2",0,1,"S002","Antecubital","Puritan_gel","Type 2"
"remove_count_le_1","Remove count <=1","002FhCUSw",0,1,"S002","Forehead","Eswab","Type 5"
"remove_count_le_1","Remove count <=1","002FhLUSw_3",0,1,"S002","Forehead","Puritan_buffer","Type 3"
"remove_count_le_1","Remove count <=1","002FhLUSw_4",0,1,"S002","Forehead","Omni","Type 4"
"remove_count_le_1","Remove count <=1","002FhRUSw_1",0,1,"S002","Forehead","Copan","Type 1"
"remove_count_le_1","Remove count <=1","002FhRUSw_2",3.86055669227494e-05,0.999961394433077,"S002","Forehead","Puritan_gel","Type 2"
"remove_count_le_1","Remove count <=1","003AcCUSw",0.000245800901269961,0.99975419909873,"S003","Antecubital","Eswab","Type 5"
"remove_count_le_1","Remove count <=1","003AcLUSw_3",0,1,"S003","Antecubital","Puritan_buffer","Type 3"
"remove_count_le_1","Remove count <=1","003AcLUSw_4",0,1,"S003","Antecubital","Omni","Type 4"
"remove_count_le_1","Remove count <=1","003AcRUSw_1",0.000271960837639382,0.999728039162361,"S003","Antecubital","Copan","Type 1"
"remove_count_le_1","Remove count <=1","003AcRUSw_2",0,1,"S003","Antecubital","Puritan_gel","Type 2"
"remove_count_le_1","Remove count <=1","003FhCUSw",0.000479923212286053,0.999520076787714,"S003","Forehead","Eswab","Type 5"
"remove_count_le_1","Remove count <=1","003FhLUSw_3",0,1,"S003","Forehead","Puritan_buffer","Type 3"
"remove_count_le_1","Remove count <=1","003FhLUSw_4",0,1,"S003","Forehead","Omni","Type 4"
"remove_count_le_1","Remove count <=1","003FhRUSw_1",0,1,"S003","Forehead","Copan","Type 1"
"remove_count_le_1","Remove count <=1","003FhRUSw_2",0,1,"S003","Forehead","Puritan_gel","Type 2"
"remove_count_le_1","Remove count <=1","004AcCUSw",0.000234590346607235,0.999765409653393,"S004","Antecubital","Eswab","Type 5"
"remove_count_le_1","Remove count <=1","004AcLUSw_3",0.000134916351861836,0.999865083648138,"S004","Antecubital","Puritan_buffer","Type 3"
"remove_count_le_1","Remove count <=1","004AcLUSw_4",0.00028619127116623,0.999713808728834,"S004","Antecubital","Omni","Type 4"
"remove_count_le_1","Remove count <=1","004AcRUSw_1",0.000105932203389835,0.99989406779661,"S004","Antecubital","Copan","Type 1"
"remove_count_le_1","Remove count <=1","004AcRUSw_2",0,1,"S004","Antecubital","Puritan_gel","Type 2"
"remove_count_le_1","Remove count <=1","004FhCUSw",0,1,"S004","Forehead","Eswab","Type 5"
"remove_count_le_1","Remove count <=1","004FhLUSw_3",0.000284873231412027,0.999715126768588,"S004","Forehead","Puritan_buffer","Type 3"
"remove_count_le_1","Remove count <=1","004FhLUSw_4",0.000155430347775415,0.999844569652225,"S004","Forehead","Omni","Type 4"
"remove_count_le_1","Remove count <=1","004FhRUSw_1",0.000226808800181432,0.999773191199819,"S004","Forehead","Copan","Type 1"
"remove_count_le_1","Remove count <=1","004FhRUSw_2",0.000138312586445374,0.999861687413555,"S004","Forehead","Puritan_gel","Type 2"
"remove_count_le_1","Remove count <=1","005AcCUSw",6.30238860528039e-05,0.999936976113947,"S005","Antecubital","Eswab","Type 5"
"remove_count_le_1","Remove count <=1","005AcLUSw_3",8.1267777326293e-05,0.999918732222674,"S005","Antecubital","Puritan_buffer","Type 3"
"remove_count_le_1","Remove count <=1","005AcLUSw_4",0.000237793278376663,0.999762206721623,"S005","Antecubital","Omni","Type 4"
"remove_count_le_1","Remove count <=1","005AcRUSw_1",0,1,"S005","Antecubital","Copan","Type 1"
"remove_count_le_1","Remove count <=1","005AcRUSw_2",0,1,"S005","Antecubital","Puritan_gel","Type 2"
"remove_count_le_1","Remove count <=1","005FhCUSw",0,1,"S005","Forehead","Eswab","Type 5"
"remove_count_le_1","Remove count <=1","005FhLUSw_3",7.59734093067428e-05,0.999924026590693,"S005","Forehead","Puritan_buffer","Type 3"
"remove_count_le_1","Remove count <=1","005FhLUSw_4",0,1,"S005","Forehead","Omni","Type 4"
"remove_count_le_1","Remove count <=1","005FhRUSw_1",0,1,"S005","Forehead","Copan","Type 1"
"remove_count_le_1","Remove count <=1","005FhRUSw_2",0.000193523416333426,0.999806476583667,"S005","Forehead","Puritan_gel","Type 2"
"remove_count_le_2","Remove count <=2","001AcCUSw",0.000170396455753712,0.999829603544246,"S001","Antecubital","Eswab","Type 5"
"remove_count_le_2","Remove count <=2","001AcLUSw_3",0.000778080364586231,0.999221919635414,"S001","Antecubital","Puritan_buffer","Type 3"
"remove_count_le_2","Remove count <=2","001AcLUSw_4",0.000508802279434197,0.999491197720566,"S001","Antecubital","Omni","Type 4"
"remove_count_le_2","Remove count <=2","001AcRUSw_1",0,1,"S001","Antecubital","Copan","Type 1"
"remove_count_le_2","Remove count <=2","001AcRUSw_2",0.00054861322767448,0.999451386772325,"S001","Antecubital","Puritan_gel","Type 2"
"remove_count_le_2","Remove count <=2","001FhCUSw",0,1,"S001","Forehead","Eswab","Type 5"
"remove_count_le_2","Remove count <=2","001FhLUSw_3",0.000327265289425208,0.999672734710575,"S001","Forehead","Puritan_buffer","Type 3"
"remove_count_le_2","Remove count <=2","001FhLUSw_4",0,1,"S001","Forehead","Omni","Type 4"
"remove_count_le_2","Remove count <=2","001FhRUSw_1",6.30775538524348e-05,0.999936922446148,"S001","Forehead","Copan","Type 1"
"remove_count_le_2","Remove count <=2","001FhRUSw_2",7.41839762611369e-05,0.999925816023739,"S001","Forehead","Puritan_gel","Type 2"
"remove_count_le_2","Remove count <=2","002AcCUSw",0.000376081233546426,0.999623918766454,"S002","Antecubital","Eswab","Type 5"
"remove_count_le_2","Remove count <=2","002AcLUSw_3",0.0003088734942417,0.999691126505758,"S002","Antecubital","Puritan_buffer","Type 3"
"remove_count_le_2","Remove count <=2","002AcLUSw_4",0.000311380974622472,0.999688619025378,"S002","Antecubital","Omni","Type 4"
"remove_count_le_2","Remove count <=2","002AcRUSw_1",0.0004029189237588,0.999597081076241,"S002","Antecubital","Copan","Type 1"
"remove_count_le_2","Remove count <=2","002AcRUSw_2",0.00020061186619188,0.999799388133808,"S002","Antecubital","Puritan_gel","Type 2"
"remove_count_le_2","Remove count <=2","002FhCUSw",0,1,"S002","Forehead","Eswab","Type 5"
"remove_count_le_2","Remove count <=2","002FhLUSw_3",0.00010154346060116,0.999898456539399,"S002","Forehead","Puritan_buffer","Type 3"
"remove_count_le_2","Remove count <=2","002FhLUSw_4",0,1,"S002","Forehead","Omni","Type 4"
"remove_count_le_2","Remove count <=2","002FhRUSw_1",0,1,"S002","Forehead","Copan","Type 1"
"remove_count_le_2","Remove count <=2","002FhRUSw_2",3.86055669227494e-05,0.999961394433077,"S002","Forehead","Puritan_gel","Type 2"
"remove_count_le_2","Remove count <=2","003AcCUSw",0.000737402703809902,0.99926259729619,"S003","Antecubital","Eswab","Type 5"
"remove_count_le_2","Remove count <=2","003AcLUSw_3",0,1,"S003","Antecubital","Puritan_buffer","Type 3"
"remove_count_le_2","Remove count <=2","003AcLUSw_4",0.000118273211117674,0.999881726788882,"S003","Antecubital","Omni","Type 4"
"remove_count_le_2","Remove count <=2","003AcRUSw_1",0.000543921675278755,0.999456078324721,"S003","Antecubital","Copan","Type 1"
"remove_count_le_2","Remove count <=2","003AcRUSw_2",0.00026578073089701,0.999734219269103,"S003","Antecubital","Puritan_gel","Type 2"
"remove_count_le_2","Remove count <=2","003FhCUSw",0.000799872020476722,0.999200127979523,"S003","Forehead","Eswab","Type 5"
"remove_count_le_2","Remove count <=2","003FhLUSw_3",0,1,"S003","Forehead","Puritan_buffer","Type 3"
"remove_count_le_2","Remove count <=2","003FhLUSw_4",0,1,"S003","Forehead","Omni","Type 4"
"remove_count_le_2","Remove count <=2","003FhRUSw_1",0,1,"S003","Forehead","Copan","Type 1"
"remove_count_le_2","Remove count <=2","003FhRUSw_2",0,1,"S003","Forehead","Puritan_gel","Type 2"
"remove_count_le_2","Remove count <=2","004AcCUSw",0.00046918069321447,0.999530819306786,"S004","Antecubital","Eswab","Type 5"
"remove_count_le_2","Remove count <=2","004AcLUSw_3",0.000764525993883797,0.999235474006116,"S004","Antecubital","Puritan_buffer","Type 3"
"remove_count_le_2","Remove count <=2","004AcLUSw_4",0.000572382542332453,0.999427617457668,"S004","Antecubital","Omni","Type 4"
"remove_count_le_2","Remove count <=2","004AcRUSw_1",0.000529661016949152,0.999470338983051,"S004","Antecubital","Copan","Type 1"
"remove_count_le_2","Remove count <=2","004AcRUSw_2",0.000116137274258177,0.999883862725742,"S004","Antecubital","Puritan_gel","Type 2"
"remove_count_le_2","Remove count <=2","004FhCUSw",9.24855491329326e-05,0.999907514450867,"S004","Forehead","Eswab","Type 5"
"remove_count_le_2","Remove count <=2","004FhLUSw_3",0.00123445066945211,0.998765549330548,"S004","Forehead","Puritan_buffer","Type 3"
"remove_count_le_2","Remove count <=2","004FhLUSw_4",0.000233145521663112,0.999766854478337,"S004","Forehead","Omni","Type 4"
"remove_count_le_2","Remove count <=2","004FhRUSw_1",0.000831632267331972,0.999168367732668,"S004","Forehead","Copan","Type 1"
"remove_count_le_2","Remove count <=2","004FhRUSw_2",0.000276625172890717,0.999723374827109,"S004","Forehead","Puritan_gel","Type 2"
"remove_count_le_2","Remove count <=2","005AcCUSw",0.000189071658158438,0.999810928341842,"S005","Antecubital","Eswab","Type 5"
"remove_count_le_2","Remove count <=2","005AcLUSw_3",0.000406338886631456,0.999593661113369,"S005","Antecubital","Puritan_buffer","Type 3"
"remove_count_le_2","Remove count <=2","005AcLUSw_4",0.000237793278376663,0.999762206721623,"S005","Antecubital","Omni","Type 4"
"remove_count_le_2","Remove count <=2","005AcRUSw_1",0,1,"S005","Antecubital","Copan","Type 1"
"remove_count_le_2","Remove count <=2","005AcRUSw_2",0,1,"S005","Antecubital","Puritan_gel","Type 2"
"remove_count_le_2","Remove count <=2","005FhCUSw",9.55337950800085e-05,0.99990446620492,"S005","Forehead","Eswab","Type 5"
"remove_count_le_2","Remove count <=2","005FhLUSw_3",0.000151946818613483,0.999848053181386,"S005","Forehead","Puritan_buffer","Type 3"
"remove_count_le_2","Remove count <=2","005FhLUSw_4",0,1,"S005","Forehead","Omni","Type 4"
"remove_count_le_2","Remove count <=2","005FhRUSw_1",0,1,"S005","Forehead","Copan","Type 1"
"remove_count_le_2","Remove count <=2","005FhRUSw_2",0.000193523416333426,0.999806476583667,"S005","Forehead","Puritan_gel","Type 2"
"remove_count_le_10","Remove count <=10","001AcCUSw",0.0047143019425196,0.99528569805748,"S001","Antecubital","Eswab","Type 5"
"remove_count_le_10","Remove count <=10","001AcLUSw_3",0.00366809314733506,0.996331906852665,"S001","Antecubital","Puritan_buffer","Type 3"
"remove_count_le_10","Remove count <=10","001AcLUSw_4",0.00274753230894473,0.997252467691055,"S001","Antecubital","Omni","Type 4"
"remove_count_le_10","Remove count <=10","001AcRUSw_1",0.00121898127993035,0.99878101872007,"S001","Antecubital","Copan","Type 1"
"remove_count_le_10","Remove count <=10","001AcRUSw_2",0.00481560499847608,0.995184395001524,"S001","Antecubital","Puritan_gel","Type 2"
"remove_count_le_10","Remove count <=10","001FhCUSw",0.000141296156744546,0.999858703843255,"S001","Forehead","Eswab","Type 5"
"remove_count_le_10","Remove count <=10","001FhLUSw_3",0.00081816322356311,0.999181836776437,"S001","Forehead","Puritan_buffer","Type 3"
"remove_count_le_10","Remove count <=10","001FhLUSw_4",0.000663305916688768,0.999336694083311,"S001","Forehead","Omni","Type 4"
"remove_count_le_10","Remove count <=10","001FhRUSw_1",6.30775538524348e-05,0.999936922446148,"S001","Forehead","Copan","Type 1"
"remove_count_le_10","Remove count <=10","001FhRUSw_2",0.000519287833827898,0.999480712166172,"S001","Forehead","Puritan_gel","Type 2"
"remove_count_le_10","Remove count <=10","002AcCUSw",0.00902594960511469,0.990974050394885,"S002","Antecubital","Eswab","Type 5"
"remove_count_le_10","Remove count <=10","002AcLUSw_3",0.00564797246613422,0.994352027533866,"S002","Antecubital","Puritan_buffer","Type 3"
"remove_count_le_10","Remove count <=10","002AcLUSw_4",0.0133893819087654,0.986610618091235,"S002","Antecubital","Omni","Type 4"
"remove_count_le_10","Remove count <=10","002AcRUSw_1",0.00761069078211038,0.99238930921789,"S002","Antecubital","Copan","Type 1"
"remove_count_le_10","Remove count <=10","002AcRUSw_2",0.00752294498219569,0.992477055017804,"S002","Antecubital","Puritan_gel","Type 2"
"remove_count_le_10","Remove count <=10","002FhCUSw",0,1,"S002","Forehead","Eswab","Type 5"
"remove_count_le_10","Remove count <=10","002FhLUSw_3",0.00106620633631195,0.998933793663688,"S002","Forehead","Puritan_buffer","Type 3"
"remove_count_le_10","Remove count <=10","002FhLUSw_4",0.000447471784418019,0.999552528215582,"S002","Forehead","Omni","Type 4"
"remove_count_le_10","Remove count <=10","002FhRUSw_1",0.00210953346855985,0.99789046653144,"S002","Forehead","Copan","Type 1"
"remove_count_le_10","Remove count <=10","002FhRUSw_2",3.86055669227494e-05,0.999961394433077,"S002","Forehead","Puritan_gel","Type 2"
"remove_count_le_10","Remove count <=10","003AcCUSw",0.00999590331831216,0.990004096681688,"S003","Antecubital","Eswab","Type 5"
"remove_count_le_10","Remove count <=10","003AcLUSw_3",0,1,"S003","Antecubital","Puritan_buffer","Type 3"
"remove_count_le_10","Remove count <=10","003AcLUSw_4",0.00301596688350088,0.996984033116499,"S003","Antecubital","Omni","Type 4"
"remove_count_le_10","Remove count <=10","003AcRUSw_1",0.011830296437313,0.988169703562687,"S003","Antecubital","Copan","Type 1"
"remove_count_le_10","Remove count <=10","003AcRUSw_2",0.00026578073089701,0.999734219269103,"S003","Antecubital","Puritan_gel","Type 2"
"remove_count_le_10","Remove count <=10","003FhCUSw",0.00143976963685813,0.998560230363142,"S003","Forehead","Eswab","Type 5"
"remove_count_le_10","Remove count <=10","003FhLUSw_3",0,1,"S003","Forehead","Puritan_buffer","Type 3"
"remove_count_le_10","Remove count <=10","003FhLUSw_4",0.00189753320683114,0.998102466793169,"S003","Forehead","Omni","Type 4"
"remove_count_le_10","Remove count <=10","003FhRUSw_1",0.00080224628961091,0.999197753710389,"S003","Forehead","Copan","Type 1"
"remove_count_le_10","Remove count <=10","003FhRUSw_2",0.00132640654360563,0.998673593456394,"S003","Forehead","Puritan_gel","Type 2"
"remove_count_le_10","Remove count <=10","004AcCUSw",0.00598205383848454,0.994017946161516,"S004","Antecubital","Eswab","Type 5"
"remove_count_le_10","Remove count <=10","004AcLUSw_3",0.0103885590933621,0.989611440906638,"S004","Antecubital","Puritan_buffer","Type 3"
"remove_count_le_10","Remove count <=10","004AcLUSw_4",0.0139756737419509,0.986024326258049,"S004","Antecubital","Omni","Type 4"
"remove_count_le_10","Remove count <=10","004AcRUSw_1",0.00995762711864406,0.990042372881356,"S004","Antecubital","Copan","Type 1"
"remove_count_le_10","Remove count <=10","004AcRUSw_2",0.00992973694907381,0.990070263050926,"S004","Antecubital","Puritan_gel","Type 2"
"remove_count_le_10","Remove count <=10","004FhCUSw",0.00342196531791907,0.996578034682081,"S004","Forehead","Eswab","Type 5"
"remove_count_le_10","Remove count <=10","004FhLUSw_3",0.0169024783971133,0.983097521602887,"S004","Forehead","Puritan_buffer","Type 3"
"remove_count_le_10","Remove count <=10","004FhLUSw_4",0.00264231591218187,0.997357684087818,"S004","Forehead","Omni","Type 4"
"remove_count_le_10","Remove count <=10","004FhRUSw_1",0.0115672488092538,0.988432751190746,"S004","Forehead","Copan","Type 1"
"remove_count_le_10","Remove count <=10","004FhRUSw_2",0.0123789764868603,0.98762102351314,"S004","Forehead","Puritan_gel","Type 2"
"remove_count_le_10","Remove count <=10","005AcCUSw",0.00252095544211256,0.997479044557887,"S005","Antecubital","Eswab","Type 5"
"remove_count_le_10","Remove count <=10","005AcLUSw_3",0.00211296221048354,0.997887037789516,"S005","Antecubital","Puritan_buffer","Type 3"
"remove_count_le_10","Remove count <=10","005AcLUSw_4",0.00221940393151554,0.997780596068484,"S005","Antecubital","Omni","Type 4"
"remove_count_le_10","Remove count <=10","005AcRUSw_1",0.00197338746053225,0.998026612539468,"S005","Antecubital","Copan","Type 1"
"remove_count_le_10","Remove count <=10","005AcRUSw_2",0.00116575996447207,0.998834240035528,"S005","Antecubital","Puritan_gel","Type 2"
"remove_count_le_10","Remove count <=10","005FhCUSw",0.000955337950800107,0.9990446620492,"S005","Forehead","Eswab","Type 5"
"remove_count_le_10","Remove count <=10","005FhLUSw_3",0.00387464387464386,0.996125356125356,"S005","Forehead","Puritan_buffer","Type 3"
"remove_count_le_10","Remove count <=10","005FhLUSw_4",0.00365335598980459,0.996346644010195,"S005","Forehead","Omni","Type 4"
"remove_count_le_10","Remove count <=10","005FhRUSw_1",0.00214162670515386,0.997858373294846,"S005","Forehead","Copan","Type 1"
"remove_count_le_10","Remove count <=10","005FhRUSw_2",0.00270932782866728,0.997290672171333,"S005","Forehead","Puritan_gel","Type 2"
"prevalence_ge_2","Prevalence >=2 samples","001AcCUSw",0.0173804384868795,0.982619561513121,"S001","Antecubital","Eswab","Type 5"
"prevalence_ge_2","Prevalence >=2 samples","001AcLUSw_3",0.00911465569943867,0.990885344300561,"S001","Antecubital","Puritan_buffer","Type 3"
"prevalence_ge_2","Prevalence >=2 samples","001AcLUSw_4",0.00768291441945659,0.992317085580543,"S001","Antecubital","Omni","Type 4"
"prevalence_ge_2","Prevalence >=2 samples","001AcRUSw_1",0.00121898127993035,0.99878101872007,"S001","Antecubital","Copan","Type 1"
"prevalence_ge_2","Prevalence >=2 samples","001AcRUSw_2",0.0102407802499238,0.989759219750076,"S001","Antecubital","Puritan_gel","Type 2"
"prevalence_ge_2","Prevalence >=2 samples","001FhCUSw",0.00292012057272042,0.99707987942728,"S001","Forehead","Eswab","Type 5"
"prevalence_ge_2","Prevalence >=2 samples","001FhLUSw_3",0.00147269380241357,0.998527306197586,"S001","Forehead","Puritan_buffer","Type 3"
"prevalence_ge_2","Prevalence >=2 samples","001FhLUSw_4",0.000663305916688768,0.999336694083311,"S001","Forehead","Omni","Type 4"
"prevalence_ge_2","Prevalence >=2 samples","001FhRUSw_1",6.30775538524348e-05,0.999936922446148,"S001","Forehead","Copan","Type 1"
"prevalence_ge_2","Prevalence >=2 samples","001FhRUSw_2",0.00103857566765579,0.998961424332344,"S001","Forehead","Puritan_gel","Type 2"
"prevalence_ge_2","Prevalence >=2 samples","002AcCUSw",0.0226902344239689,0.977309765576031,"S002","Antecubital","Eswab","Type 5"
"prevalence_ge_2","Prevalence >=2 samples","002AcLUSw_3",0.0247981291091206,0.975201870890879,"S002","Antecubital","Puritan_buffer","Type 3"
"prevalence_ge_2","Prevalence >=2 samples","002AcLUSw_4",0.178265607971353,0.821734392028647,"S002","Antecubital","Omni","Type 4"
"prevalence_ge_2","Prevalence >=2 samples","002AcRUSw_1",0.0202354837265524,0.979764516273448,"S002","Antecubital","Copan","Type 1"
"prevalence_ge_2","Prevalence >=2 samples","002AcRUSw_2",0.0193088921209689,0.980691107879031,"S002","Antecubital","Puritan_gel","Type 2"
"prevalence_ge_2","Prevalence >=2 samples","002FhCUSw",0,1,"S002","Forehead","Eswab","Type 5"
"prevalence_ge_2","Prevalence >=2 samples","002FhLUSw_3",0.00106620633631195,0.998933793663688,"S002","Forehead","Puritan_buffer","Type 3"
"prevalence_ge_2","Prevalence >=2 samples","002FhLUSw_4",0.000447471784418019,0.999552528215582,"S002","Forehead","Omni","Type 4"
"prevalence_ge_2","Prevalence >=2 samples","002FhRUSw_1",0.00300202839756596,0.996997971602434,"S002","Forehead","Copan","Type 1"
"prevalence_ge_2","Prevalence >=2 samples","002FhRUSw_2",3.86055669227494e-05,0.999961394433077,"S002","Forehead","Puritan_gel","Type 2"
"prevalence_ge_2","Prevalence >=2 samples","003AcCUSw",0.0388365424006555,0.961163457599345,"S003","Antecubital","Eswab","Type 5"
"prevalence_ge_2","Prevalence >=2 samples","003AcLUSw_3",0.0308032675289312,0.969196732471069,"S003","Antecubital","Puritan_buffer","Type 3"
"prevalence_ge_2","Prevalence >=2 samples","003AcLUSw_4",0.0789473684210525,0.921052631578947,"S003","Antecubital","Omni","Type 4"
"prevalence_ge_2","Prevalence >=2 samples","003AcRUSw_1",0.0344030459613816,0.965596954038618,"S003","Antecubital","Copan","Type 1"
"prevalence_ge_2","Prevalence >=2 samples","003AcRUSw_2",0.0445182724252492,0.955481727574751,"S003","Antecubital","Puritan_gel","Type 2"
"prevalence_ge_2","Prevalence >=2 samples","003FhCUSw",0.0198368261078228,0.980163173892177,"S003","Forehead","Eswab","Type 5"
"prevalence_ge_2","Prevalence >=2 samples","003FhLUSw_3",0,1,"S003","Forehead","Puritan_buffer","Type 3"
"prevalence_ge_2","Prevalence >=2 samples","003FhLUSw_4",0.0479127134724858,0.952087286527514,"S003","Forehead","Omni","Type 4"
"prevalence_ge_2","Prevalence >=2 samples","003FhRUSw_1",0,1,"S003","Forehead","Copan","Type 1"
"prevalence_ge_2","Prevalence >=2 samples","003FhRUSw_2",0.00132640654360563,0.998673593456394,"S003","Forehead","Puritan_gel","Type 2"
"prevalence_ge_2","Prevalence >=2 samples","004AcCUSw",0.0309659257521553,0.969034074247845,"S004","Antecubital","Eswab","Type 5"
"prevalence_ge_2","Prevalence >=2 samples","004AcLUSw_3",0.0546860946213348,0.945313905378665,"S004","Antecubital","Puritan_buffer","Type 3"
"prevalence_ge_2","Prevalence >=2 samples","004AcLUSw_4",0.0694013832578106,0.930598616742189,"S004","Antecubital","Omni","Type 4"
"prevalence_ge_2","Prevalence >=2 samples","004AcRUSw_1",0.182256355932203,0.817743644067797,"S004","Antecubital","Copan","Type 1"
"prevalence_ge_2","Prevalence >=2 samples","004AcRUSw_2",0.0833865629173684,0.916613437082632,"S004","Antecubital","Puritan_gel","Type 2"
"prevalence_ge_2","Prevalence >=2 samples","004FhCUSw",0.0111907514450867,0.988809248554913,"S004","Forehead","Eswab","Type 5"
"prevalence_ge_2","Prevalence >=2 samples","004FhLUSw_3",0.02630329503371,0.97369670496629,"S004","Forehead","Puritan_buffer","Type 3"
"prevalence_ge_2","Prevalence >=2 samples","004FhLUSw_4",0.0343112492714202,0.96568875072858,"S004","Forehead","Omni","Type 4"
"prevalence_ge_2","Prevalence >=2 samples","004FhRUSw_1",0.0499735389733122,0.950026461026688,"S004","Forehead","Copan","Type 1"
"prevalence_ge_2","Prevalence >=2 samples","004FhRUSw_2",0.0455739972337482,0.954426002766252,"S004","Forehead","Puritan_gel","Type 2"
"prevalence_ge_2","Prevalence >=2 samples","005AcCUSw",0.00415957647948572,0.995840423520514,"S005","Antecubital","Eswab","Type 5"
"prevalence_ge_2","Prevalence >=2 samples","005AcLUSw_3",0.0221861032100772,0.977813896789923,"S005","Antecubital","Puritan_buffer","Type 3"
"prevalence_ge_2","Prevalence >=2 samples","005AcLUSw_4",0.0333703233988586,0.966629676601141,"S005","Antecubital","Omni","Type 4"
"prevalence_ge_2","Prevalence >=2 samples","005AcRUSw_1",0.00372124492557509,0.996278755074425,"S005","Antecubital","Copan","Type 1"
"prevalence_ge_2","Prevalence >=2 samples","005AcRUSw_2",0.00499611413345176,0.995003885866548,"S005","Antecubital","Puritan_gel","Type 2"
"prevalence_ge_2","Prevalence >=2 samples","005FhCUSw",0.218438022450442,0.781561977549558,"S005","Forehead","Eswab","Type 5"
"prevalence_ge_2","Prevalence >=2 samples","005FhLUSw_3",0.0978917378917379,0.902108262108262,"S005","Forehead","Puritan_buffer","Type 3"
"prevalence_ge_2","Prevalence >=2 samples","005FhLUSw_4",0.0122344944774851,0.987765505522515,"S005","Forehead","Omni","Type 4"
"prevalence_ge_2","Prevalence >=2 samples","005FhRUSw_1",0.0218352809721123,0.978164719027888,"S005","Forehead","Copan","Type 1"
"prevalence_ge_2","Prevalence >=2 samples","005FhRUSw_2",0.042317120371565,0.957682879628435,"S005","Forehead","Puritan_gel","Type 2"
"prevalence_ge_5","Prevalence >=5 samples","001AcCUSw",0.076564807452005,0.923435192547995,"S001","Antecubital","Eswab","Type 5"
"prevalence_ge_5","Prevalence >=5 samples","001AcLUSw_3",0.041071527816373,0.958928472183627,"S001","Antecubital","Puritan_buffer","Type 3"
"prevalence_ge_5","Prevalence >=5 samples","001AcLUSw_4",0.041925307825379,0.958074692174621,"S001","Antecubital","Omni","Type 4"
"prevalence_ge_5","Prevalence >=5 samples","001AcRUSw_1",0.0171963430561602,0.98280365694384,"S001","Antecubital","Copan","Type 1"
"prevalence_ge_5","Prevalence >=5 samples","001AcRUSw_2",0.0566290765010668,0.943370923498933,"S001","Antecubital","Puritan_gel","Type 2"
"prevalence_ge_5","Prevalence >=5 samples","001FhCUSw",0.00527505651846272,0.994724943481537,"S001","Forehead","Eswab","Type 5"
"prevalence_ge_5","Prevalence >=5 samples","001FhLUSw_3",0.00462262221313151,0.995377377786869,"S001","Forehead","Puritan_buffer","Type 3"
"prevalence_ge_5","Prevalence >=5 samples","001FhLUSw_4",0.000928628283364279,0.999071371716636,"S001","Forehead","Omni","Type 4"
"prevalence_ge_5","Prevalence >=5 samples","001FhRUSw_1",0.00151386129245907,0.998486138707541,"S001","Forehead","Copan","Type 1"
"prevalence_ge_5","Prevalence >=5 samples","001FhRUSw_2",0.00270771513353114,0.997292284866469,"S001","Forehead","Puritan_gel","Type 2"
"prevalence_ge_5","Prevalence >=5 samples","002AcCUSw",0.141030462579917,0.858969537420083,"S002","Antecubital","Eswab","Type 5"
"prevalence_ge_5","Prevalence >=5 samples","002AcLUSw_3",0.0812337289855711,0.918766271014429,"S002","Antecubital","Puritan_buffer","Type 3"
"prevalence_ge_5","Prevalence >=5 samples","002AcLUSw_4",0.292698116145103,0.707301883854897,"S002","Antecubital","Omni","Type 4"
"prevalence_ge_5","Prevalence >=5 samples","002AcRUSw_1",0.0504096342391547,0.949590365760845,"S002","Antecubital","Copan","Type 1"
"prevalence_ge_5","Prevalence >=5 samples","002AcRUSw_2",0.0666031395757057,0.933396860424294,"S002","Antecubital","Puritan_gel","Type 2"
"prevalence_ge_5","Prevalence >=5 samples","002FhCUSw",0.000381263616557774,0.999618736383442,"S002","Forehead","Eswab","Type 5"
"prevalence_ge_5","Prevalence >=5 samples","002FhLUSw_3",0.00192932575142162,0.998070674248578,"S002","Forehead","Puritan_buffer","Type 3"
"prevalence_ge_5","Prevalence >=5 samples","002FhLUSw_4",0.000646348133048259,0.999353651866952,"S002","Forehead","Omni","Type 4"
"prevalence_ge_5","Prevalence >=5 samples","002FhRUSw_1",0.00584178498985802,0.994158215010142,"S002","Forehead","Copan","Type 1"
"prevalence_ge_5","Prevalence >=5 samples","002FhRUSw_2",0.0114272478091341,0.988572752190866,"S002","Forehead","Puritan_gel","Type 2"
"prevalence_ge_5","Prevalence >=5 samples","003AcCUSw",0.214174518639902,0.785825481360098,"S003","Antecubital","Eswab","Type 5"
"prevalence_ge_5","Prevalence >=5 samples","003AcLUSw_3",0.168992511912866,0.831007488087134,"S003","Antecubital","Puritan_buffer","Type 3"
"prevalence_ge_5","Prevalence >=5 samples","003AcLUSw_4",0.241277350680071,0.758722649319929,"S003","Antecubital","Omni","Type 4"
"prevalence_ge_5","Prevalence >=5 samples","003AcRUSw_1",0.201454990481371,0.798545009518629,"S003","Antecubital","Copan","Type 1"
"prevalence_ge_5","Prevalence >=5 samples","003AcRUSw_2",0.125847176079734,0.874152823920266,"S003","Antecubital","Puritan_gel","Type 2"
"prevalence_ge_5","Prevalence >=5 samples","003FhCUSw",0.051511758118701,0.948488241881299,"S003","Forehead","Eswab","Type 5"
"prevalence_ge_5","Prevalence >=5 samples","003FhLUSw_3",0,1,"S003","Forehead","Puritan_buffer","Type 3"
"prevalence_ge_5","Prevalence >=5 samples","003FhLUSw_4",0.0519924098671727,0.948007590132827,"S003","Forehead","Omni","Type 4"
"prevalence_ge_5","Prevalence >=5 samples","003FhRUSw_1",0.00254044658376784,0.997459553416232,"S003","Forehead","Copan","Type 1"
"prevalence_ge_5","Prevalence >=5 samples","003FhRUSw_2",0.00132640654360563,0.998673593456394,"S003","Forehead","Puritan_gel","Type 2"
"prevalence_ge_5","Prevalence >=5 samples","004AcCUSw",0.130021699607061,0.869978300392939,"S004","Antecubital","Eswab","Type 5"
"prevalence_ge_5","Prevalence >=5 samples","004AcLUSw_3",0.240151106314085,0.759848893685915,"S004","Antecubital","Puritan_buffer","Type 3"
"prevalence_ge_5","Prevalence >=5 samples","004AcLUSw_4",0.311137610302886,0.688862389697114,"S004","Antecubital","Omni","Type 4"
"prevalence_ge_5","Prevalence >=5 samples","004AcRUSw_1",0.354925847457627,0.645074152542373,"S004","Antecubital","Copan","Type 1"
"prevalence_ge_5","Prevalence >=5 samples","004AcRUSw_2",0.370303698972185,0.629696301027815,"S004","Antecubital","Puritan_gel","Type 2"
"prevalence_ge_5","Prevalence >=5 samples","004FhCUSw",0.0196531791907514,0.980346820809249,"S004","Forehead","Eswab","Type 5"
"prevalence_ge_5","Prevalence >=5 samples","004FhLUSw_3",0.0595385053651126,0.940461494634887,"S004","Forehead","Puritan_buffer","Type 3"
"prevalence_ge_5","Prevalence >=5 samples","004FhLUSw_4",0.100252574315135,0.899747425684865,"S004","Forehead","Omni","Type 4"
"prevalence_ge_5","Prevalence >=5 samples","004FhRUSw_1",0.152869131322295,0.847130868677705,"S004","Forehead","Copan","Type 1"
"prevalence_ge_5","Prevalence >=5 samples","004FhRUSw_2",0.128077455048409,0.871922544951591,"S004","Forehead","Puritan_gel","Type 2"
"prevalence_ge_5","Prevalence >=5 samples","005AcCUSw",0.0879183210436755,0.912081678956325,"S005","Antecubital","Eswab","Type 5"
"prevalence_ge_5","Prevalence >=5 samples","005AcLUSw_3",0.0435595286468915,0.956440471353109,"S005","Antecubital","Puritan_buffer","Type 3"
"prevalence_ge_5","Prevalence >=5 samples","005AcLUSw_4",0.0629359543436906,0.937064045656309,"S005","Antecubital","Omni","Type 4"
"prevalence_ge_5","Prevalence >=5 samples","005AcRUSw_1",0.127086152458277,0.872913847541723,"S005","Antecubital","Copan","Type 1"
"prevalence_ge_5","Prevalence >=5 samples","005AcRUSw_2",0.139891195736649,0.860108804263351,"S005","Antecubital","Puritan_gel","Type 2"
"prevalence_ge_5","Prevalence >=5 samples","005FhCUSw",0.388679245283019,0.611320754716981,"S005","Forehead","Eswab","Type 5"
"prevalence_ge_5","Prevalence >=5 samples","005FhLUSw_3",0.113162393162393,0.886837606837607,"S005","Forehead","Puritan_buffer","Type 3"
"prevalence_ge_5","Prevalence >=5 samples","005FhLUSw_4",0.0170773152081563,0.982922684791844,"S005","Forehead","Omni","Type 4"
"prevalence_ge_5","Prevalence >=5 samples","005FhRUSw_1",0.0723031798500862,0.927696820149914,"S005","Forehead","Copan","Type 1"
"prevalence_ge_5","Prevalence >=5 samples","005FhRUSw_2",0.103212488711134,0.896787511288866,"S005","Forehead","Puritan_gel","Type 2"
"prevalence_ge_10pct","Prevalence >=10% samples","001AcCUSw",0.076564807452005,0.923435192547995,"S001","Antecubital","Eswab","Type 5"
"prevalence_ge_10pct","Prevalence >=10% samples","001AcLUSw_3",0.041071527816373,0.958928472183627,"S001","Antecubital","Puritan_buffer","Type 3"
"prevalence_ge_10pct","Prevalence >=10% samples","001AcLUSw_4",0.041925307825379,0.958074692174621,"S001","Antecubital","Omni","Type 4"
"prevalence_ge_10pct","Prevalence >=10% samples","001AcRUSw_1",0.0171963430561602,0.98280365694384,"S001","Antecubital","Copan","Type 1"
"prevalence_ge_10pct","Prevalence >=10% samples","001AcRUSw_2",0.0566290765010668,0.943370923498933,"S001","Antecubital","Puritan_gel","Type 2"
"prevalence_ge_10pct","Prevalence >=10% samples","001FhCUSw",0.00527505651846272,0.994724943481537,"S001","Forehead","Eswab","Type 5"
"prevalence_ge_10pct","Prevalence >=10% samples","001FhLUSw_3",0.00462262221313151,0.995377377786869,"S001","Forehead","Puritan_buffer","Type 3"
"prevalence_ge_10pct","Prevalence >=10% samples","001FhLUSw_4",0.000928628283364279,0.999071371716636,"S001","Forehead","Omni","Type 4"
"prevalence_ge_10pct","Prevalence >=10% samples","001FhRUSw_1",0.00151386129245907,0.998486138707541,"S001","Forehead","Copan","Type 1"
"prevalence_ge_10pct","Prevalence >=10% samples","001FhRUSw_2",0.00270771513353114,0.997292284866469,"S001","Forehead","Puritan_gel","Type 2"
"prevalence_ge_10pct","Prevalence >=10% samples","002AcCUSw",0.141030462579917,0.858969537420083,"S002","Antecubital","Eswab","Type 5"
"prevalence_ge_10pct","Prevalence >=10% samples","002AcLUSw_3",0.0812337289855711,0.918766271014429,"S002","Antecubital","Puritan_buffer","Type 3"
"prevalence_ge_10pct","Prevalence >=10% samples","002AcLUSw_4",0.292698116145103,0.707301883854897,"S002","Antecubital","Omni","Type 4"
"prevalence_ge_10pct","Prevalence >=10% samples","002AcRUSw_1",0.0504096342391547,0.949590365760845,"S002","Antecubital","Copan","Type 1"
"prevalence_ge_10pct","Prevalence >=10% samples","002AcRUSw_2",0.0666031395757057,0.933396860424294,"S002","Antecubital","Puritan_gel","Type 2"
"prevalence_ge_10pct","Prevalence >=10% samples","002FhCUSw",0.000381263616557774,0.999618736383442,"S002","Forehead","Eswab","Type 5"
"prevalence_ge_10pct","Prevalence >=10% samples","002FhLUSw_3",0.00192932575142162,0.998070674248578,"S002","Forehead","Puritan_buffer","Type 3"
"prevalence_ge_10pct","Prevalence >=10% samples","002FhLUSw_4",0.000646348133048259,0.999353651866952,"S002","Forehead","Omni","Type 4"
"prevalence_ge_10pct","Prevalence >=10% samples","002FhRUSw_1",0.00584178498985802,0.994158215010142,"S002","Forehead","Copan","Type 1"
"prevalence_ge_10pct","Prevalence >=10% samples","002FhRUSw_2",0.0114272478091341,0.988572752190866,"S002","Forehead","Puritan_gel","Type 2"
"prevalence_ge_10pct","Prevalence >=10% samples","003AcCUSw",0.214174518639902,0.785825481360098,"S003","Antecubital","Eswab","Type 5"
"prevalence_ge_10pct","Prevalence >=10% samples","003AcLUSw_3",0.168992511912866,0.831007488087134,"S003","Antecubital","Puritan_buffer","Type 3"
"prevalence_ge_10pct","Prevalence >=10% samples","003AcLUSw_4",0.241277350680071,0.758722649319929,"S003","Antecubital","Omni","Type 4"
"prevalence_ge_10pct","Prevalence >=10% samples","003AcRUSw_1",0.201454990481371,0.798545009518629,"S003","Antecubital","Copan","Type 1"
"prevalence_ge_10pct","Prevalence >=10% samples","003AcRUSw_2",0.125847176079734,0.874152823920266,"S003","Antecubital","Puritan_gel","Type 2"
"prevalence_ge_10pct","Prevalence >=10% samples","003FhCUSw",0.051511758118701,0.948488241881299,"S003","Forehead","Eswab","Type 5"
"prevalence_ge_10pct","Prevalence >=10% samples","003FhLUSw_3",0,1,"S003","Forehead","Puritan_buffer","Type 3"
"prevalence_ge_10pct","Prevalence >=10% samples","003FhLUSw_4",0.0519924098671727,0.948007590132827,"S003","Forehead","Omni","Type 4"
"prevalence_ge_10pct","Prevalence >=10% samples","003FhRUSw_1",0.00254044658376784,0.997459553416232,"S003","Forehead","Copan","Type 1"
"prevalence_ge_10pct","Prevalence >=10% samples","003FhRUSw_2",0.00132640654360563,0.998673593456394,"S003","Forehead","Puritan_gel","Type 2"
"prevalence_ge_10pct","Prevalence >=10% samples","004AcCUSw",0.130021699607061,0.869978300392939,"S004","Antecubital","Eswab","Type 5"
"prevalence_ge_10pct","Prevalence >=10% samples","004AcLUSw_3",0.240151106314085,0.759848893685915,"S004","Antecubital","Puritan_buffer","Type 3"
"prevalence_ge_10pct","Prevalence >=10% samples","004AcLUSw_4",0.311137610302886,0.688862389697114,"S004","Antecubital","Omni","Type 4"
"prevalence_ge_10pct","Prevalence >=10% samples","004AcRUSw_1",0.354925847457627,0.645074152542373,"S004","Antecubital","Copan","Type 1"
"prevalence_ge_10pct","Prevalence >=10% samples","004AcRUSw_2",0.370303698972185,0.629696301027815,"S004","Antecubital","Puritan_gel","Type 2"
"prevalence_ge_10pct","Prevalence >=10% samples","004FhCUSw",0.0196531791907514,0.980346820809249,"S004","Forehead","Eswab","Type 5"
"prevalence_ge_10pct","Prevalence >=10% samples","004FhLUSw_3",0.0595385053651126,0.940461494634887,"S004","Forehead","Puritan_buffer","Type 3"
"prevalence_ge_10pct","Prevalence >=10% samples","004FhLUSw_4",0.100252574315135,0.899747425684865,"S004","Forehead","Omni","Type 4"
"prevalence_ge_10pct","Prevalence >=10% samples","004FhRUSw_1",0.152869131322295,0.847130868677705,"S004","Forehead","Copan","Type 1"
"prevalence_ge_10pct","Prevalence >=10% samples","004FhRUSw_2",0.128077455048409,0.871922544951591,"S004","Forehead","Puritan_gel","Type 2"
"prevalence_ge_10pct","Prevalence >=10% samples","005AcCUSw",0.0879183210436755,0.912081678956325,"S005","Antecubital","Eswab","Type 5"
"prevalence_ge_10pct","Prevalence >=10% samples","005AcLUSw_3",0.0435595286468915,0.956440471353109,"S005","Antecubital","Puritan_buffer","Type 3"
"prevalence_ge_10pct","Prevalence >=10% samples","005AcLUSw_4",0.0629359543436906,0.937064045656309,"S005","Antecubital","Omni","Type 4"
"prevalence_ge_10pct","Prevalence >=10% samples","005AcRUSw_1",0.127086152458277,0.872913847541723,"S005","Antecubital","Copan","Type 1"
"prevalence_ge_10pct","Prevalence >=10% samples","005AcRUSw_2",0.139891195736649,0.860108804263351,"S005","Antecubital","Puritan_gel","Type 2"
"prevalence_ge_10pct","Prevalence >=10% samples","005FhCUSw",0.388679245283019,0.611320754716981,"S005","Forehead","Eswab","Type 5"
"prevalence_ge_10pct","Prevalence >=10% samples","005FhLUSw_3",0.113162393162393,0.886837606837607,"S005","Forehead","Puritan_buffer","Type 3"
"prevalence_ge_10pct","Prevalence >=10% samples","005FhLUSw_4",0.0170773152081563,0.982922684791844,"S005","Forehead","Omni","Type 4"
"prevalence_ge_10pct","Prevalence >=10% samples","005FhRUSw_1",0.0723031798500862,0.927696820149914,"S005","Forehead","Copan","Type 1"
"prevalence_ge_10pct","Prevalence >=10% samples","005FhRUSw_2",0.103212488711134,0.896787511288866,"S005","Forehead","Puritan_gel","Type 2"
"mean_abundance_ge_0.1pct","Mean abundance >=0.1%","001AcCUSw",0.153697603089856,0.846302396910144,"S001","Antecubital","Eswab","Type 5"
"mean_abundance_ge_0.1pct","Mean abundance >=0.1%","001AcLUSw_3",0.132162507641861,0.867837492358139,"S001","Antecubital","Puritan_buffer","Type 3"
"mean_abundance_ge_0.1pct","Mean abundance >=0.1%","001AcLUSw_4",0.1082731250636,0.8917268749364,"S001","Antecubital","Omni","Type 4"
"mean_abundance_ge_0.1pct","Mean abundance >=0.1%","001AcRUSw_1",0.0362211580322159,0.963778841967784,"S001","Antecubital","Copan","Type 1"
"mean_abundance_ge_0.1pct","Mean abundance >=0.1%","001AcRUSw_2",0.0580920451081987,0.941907954891801,"S001","Antecubital","Puritan_gel","Type 2"
"mean_abundance_ge_0.1pct","Mean abundance >=0.1%","001FhCUSw",0.00584024114544085,0.994159758854559,"S001","Forehead","Eswab","Type 5"
"mean_abundance_ge_0.1pct","Mean abundance >=0.1%","001FhLUSw_3",0.008713438330947,0.991286561669053,"S001","Forehead","Puritan_buffer","Type 3"
"mean_abundance_ge_0.1pct","Mean abundance >=0.1%","001FhLUSw_4",0.00809233218360305,0.991907667816397,"S001","Forehead","Omni","Type 4"
"mean_abundance_ge_0.1pct","Mean abundance >=0.1%","001FhRUSw_1",0.0055192859620904,0.99448071403791,"S001","Forehead","Copan","Type 1"
"mean_abundance_ge_0.1pct","Mean abundance >=0.1%","001FhRUSw_2",0.00853115727002969,0.99146884272997,"S001","Forehead","Puritan_gel","Type 2"
"mean_abundance_ge_0.1pct","Mean abundance >=0.1%","002AcCUSw",0.115080857465212,0.884919142534788,"S002","Antecubital","Eswab","Type 5"
"mean_abundance_ge_0.1pct","Mean abundance >=0.1%","002AcLUSw_3",0.134006971716013,0.865993028283987,"S002","Antecubital","Puritan_buffer","Type 3"
"mean_abundance_ge_0.1pct","Mean abundance >=0.1%","002AcLUSw_4",0.297680211739062,0.702319788260938,"S002","Antecubital","Omni","Type 4"
"mean_abundance_ge_0.1pct","Mean abundance >=0.1%","002AcRUSw_1",0.0670636164211845,0.932936383578815,"S002","Antecubital","Copan","Type 1"
"mean_abundance_ge_0.1pct","Mean abundance >=0.1%","002AcRUSw_2",0.0949395656753094,0.905060434324691,"S002","Antecubital","Puritan_gel","Type 2"
"mean_abundance_ge_0.1pct","Mean abundance >=0.1%","002FhCUSw",0.000871459694989115,0.999128540305011,"S002","Forehead","Eswab","Type 5"
"mean_abundance_ge_0.1pct","Mean abundance >=0.1%","002FhLUSw_3",0.00269090170593014,0.99730909829407,"S002","Forehead","Puritan_buffer","Type 3"
"mean_abundance_ge_0.1pct","Mean abundance >=0.1%","002FhLUSw_4",0.000894943568836082,0.999105056431164,"S002","Forehead","Omni","Type 4"
"mean_abundance_ge_0.1pct","Mean abundance >=0.1%","002FhRUSw_1",0.0104665314401623,0.989533468559838,"S002","Forehead","Copan","Type 1"
"mean_abundance_ge_0.1pct","Mean abundance >=0.1%","002FhRUSw_2",0.0201907115005984,0.979809288499402,"S002","Forehead","Puritan_gel","Type 2"
"mean_abundance_ge_0.1pct","Mean abundance >=0.1%","003AcCUSw",0.239492011470709,0.760507988529291,"S003","Antecubital","Eswab","Type 5"
"mean_abundance_ge_0.1pct","Mean abundance >=0.1%","003AcLUSw_3",0.220388019060585,0.779611980939415,"S003","Antecubital","Puritan_buffer","Type 3"
"mean_abundance_ge_0.1pct","Mean abundance >=0.1%","003AcLUSw_4",0.319988172678888,0.680011827321112,"S003","Antecubital","Omni","Type 4"
"mean_abundance_ge_0.1pct","Mean abundance >=0.1%","003AcRUSw_1",0.273796573293446,0.726203426706554,"S003","Antecubital","Copan","Type 1"
"mean_abundance_ge_0.1pct","Mean abundance >=0.1%","003AcRUSw_2",0.0811960132890366,0.918803986710963,"S003","Antecubital","Puritan_gel","Type 2"
"mean_abundance_ge_0.1pct","Mean abundance >=0.1%","003FhCUSw",0.0542313229883219,0.945768677011678,"S003","Forehead","Eswab","Type 5"
"mean_abundance_ge_0.1pct","Mean abundance >=0.1%","003FhLUSw_3",0.00170123136746601,0.998298768632534,"S003","Forehead","Puritan_buffer","Type 3"
"mean_abundance_ge_0.1pct","Mean abundance >=0.1%","003FhLUSw_4",0.0633776091081594,0.936622390891841,"S003","Forehead","Omni","Type 4"
"mean_abundance_ge_0.1pct","Mean abundance >=0.1%","003FhRUSw_1",0.0102954940500067,0.989704505949993,"S003","Forehead","Copan","Type 1"
"mean_abundance_ge_0.1pct","Mean abundance >=0.1%","003FhRUSw_2",0.00132640654360563,0.998673593456394,"S003","Forehead","Puritan_gel","Type 2"
"mean_abundance_ge_0.1pct","Mean abundance >=0.1%","004AcCUSw",0.229370711395226,0.770629288604774,"S004","Antecubital","Eswab","Type 5"
"mean_abundance_ge_0.1pct","Mean abundance >=0.1%","004AcLUSw_3",0.399307429393776,0.600692570606224,"S004","Antecubital","Puritan_buffer","Type 3"
"mean_abundance_ge_0.1pct","Mean abundance >=0.1%","004AcLUSw_4",0.447316956832817,0.552683043167183,"S004","Antecubital","Omni","Type 4"
"mean_abundance_ge_0.1pct","Mean abundance >=0.1%","004AcRUSw_1",0.429131355932203,0.570868644067797,"S004","Antecubital","Copan","Type 1"
"mean_abundance_ge_0.1pct","Mean abundance >=0.1%","004AcRUSw_2",0.39736368387434,0.60263631612566,"S004","Antecubital","Puritan_gel","Type 2"
"mean_abundance_ge_0.1pct","Mean abundance >=0.1%","004FhCUSw",0.077271676300578,0.922728323699422,"S004","Forehead","Eswab","Type 5"
"mean_abundance_ge_0.1pct","Mean abundance >=0.1%","004FhLUSw_3",0.153641629474884,0.846358370525116,"S004","Forehead","Puritan_buffer","Type 3"
"mean_abundance_ge_0.1pct","Mean abundance >=0.1%","004FhLUSw_4",0.213639013017292,0.786360986982708,"S004","Forehead","Omni","Type 4"
"mean_abundance_ge_0.1pct","Mean abundance >=0.1%","004FhRUSw_1",0.237544416723369,0.762455583276631,"S004","Forehead","Copan","Type 1"
"mean_abundance_ge_0.1pct","Mean abundance >=0.1%","004FhRUSw_2",0.252973720608575,0.747026279391425,"S004","Forehead","Puritan_gel","Type 2"
"mean_abundance_ge_0.1pct","Mean abundance >=0.1%","005AcCUSw",0.011533371147665,0.988466628852335,"S005","Antecubital","Eswab","Type 5"
"mean_abundance_ge_0.1pct","Mean abundance >=0.1%","005AcLUSw_3",0.0747663551401869,0.925233644859813,"S005","Antecubital","Puritan_buffer","Type 3"
"mean_abundance_ge_0.1pct","Mean abundance >=0.1%","005AcLUSw_4",0.110415345592898,0.889584654407102,"S005","Antecubital","Omni","Type 4"
"mean_abundance_ge_0.1pct","Mean abundance >=0.1%","005AcRUSw_1",0.0231168245376635,0.976883175462336,"S005","Antecubital","Copan","Type 1"
"mean_abundance_ge_0.1pct","Mean abundance >=0.1%","005AcRUSw_2",0.0145997557455313,0.985400244254469,"S005","Antecubital","Puritan_gel","Type 2"
"mean_abundance_ge_0.1pct","Mean abundance >=0.1%","005FhCUSw",0.322808693575352,0.677191306424648,"S005","Forehead","Eswab","Type 5"
"mean_abundance_ge_0.1pct","Mean abundance >=0.1%","005FhLUSw_3",0.140588793922127,0.859411206077873,"S005","Forehead","Puritan_buffer","Type 3"
"mean_abundance_ge_0.1pct","Mean abundance >=0.1%","005FhLUSw_4",0.01928632115548,0.98071367884452,"S005","Forehead","Omni","Type 4"
"mean_abundance_ge_0.1pct","Mean abundance >=0.1%","005FhRUSw_1",0.106988221053122,0.893011778946878,"S005","Forehead","Copan","Type 1"
"mean_abundance_ge_0.1pct","Mean abundance >=0.1%","005FhRUSw_2",0.159979357502258,0.840020642497742,"S005","Forehead","Puritan_gel","Type 2"
"mean_abundance_ge_1pct","Mean abundance >=1%","001AcCUSw",0.396512552538907,0.603487447461093,"S001","Antecubital","Eswab","Type 5"
"mean_abundance_ge_1pct","Mean abundance >=1%","001AcLUSw_3",0.413438559439782,0.586561440560218,"S001","Antecubital","Puritan_buffer","Type 3"
"mean_abundance_ge_1pct","Mean abundance >=1%","001AcLUSw_4",0.379820901597638,0.620179098402362,"S001","Antecubital","Omni","Type 4"
"mean_abundance_ge_1pct","Mean abundance >=1%","001AcRUSw_1",0.211101436656509,0.788898563343492,"S001","Antecubital","Copan","Type 1"
"mean_abundance_ge_1pct","Mean abundance >=1%","001AcRUSw_2",0.667906126181043,0.332093873818957,"S001","Antecubital","Puritan_gel","Type 2"
"mean_abundance_ge_1pct","Mean abundance >=1%","001FhCUSw",0.0102204220045215,0.989779577995478,"S001","Forehead","Eswab","Type 5"
"mean_abundance_ge_1pct","Mean abundance >=1%","001FhLUSw_3",0.0465125792595623,0.953487420740438,"S001","Forehead","Puritan_buffer","Type 3"
"mean_abundance_ge_1pct","Mean abundance >=1%","001FhLUSw_4",0.0541257628018042,0.945874237198196,"S001","Forehead","Omni","Type 4"
"mean_abundance_ge_1pct","Mean abundance >=1%","001FhRUSw_1",0.0194278865865582,0.980572113413442,"S001","Forehead","Copan","Type 1"
"mean_abundance_ge_1pct","Mean abundance >=1%","001FhRUSw_2",0.0367581602373887,0.963241839762611,"S001","Forehead","Puritan_gel","Type 2"
"mean_abundance_ge_1pct","Mean abundance >=1%","002AcCUSw",0.544314905352889,0.455685094647111,"S002","Antecubital","Eswab","Type 5"
"mean_abundance_ge_1pct","Mean abundance >=1%","002AcLUSw_3",0.25204077130124,0.74795922869876,"S002","Antecubital","Puritan_buffer","Type 3"
"mean_abundance_ge_1pct","Mean abundance >=1%","002AcLUSw_4",0.543515491203487,0.456484508796513,"S002","Antecubital","Omni","Type 4"
"mean_abundance_ge_1pct","Mean abundance >=1%","002AcRUSw_1",0.128575905448359,0.871424094551641,"S002","Antecubital","Copan","Type 1"
"mean_abundance_ge_1pct","Mean abundance >=1%","002AcRUSw_2",0.177140277847434,0.822859722152566,"S002","Antecubital","Puritan_gel","Type 2"
"mean_abundance_ge_1pct","Mean abundance >=1%","002FhCUSw",0.00190631808278867,0.998093681917211,"S002","Forehead","Eswab","Type 5"
"mean_abundance_ge_1pct","Mean abundance >=1%","002FhLUSw_3",0.00502640129975628,0.994973598700244,"S002","Forehead","Puritan_buffer","Type 3"
"mean_abundance_ge_1pct","Mean abundance >=1%","002FhLUSw_4",0.00362949336250183,0.996370506637498,"S002","Forehead","Omni","Type 4"
"mean_abundance_ge_1pct","Mean abundance >=1%","002FhRUSw_1",0.028316430020284,0.971683569979716,"S002","Forehead","Copan","Type 1"
"mean_abundance_ge_1pct","Mean abundance >=1%","002FhRUSw_2",0.0501486314326526,0.949851368567347,"S002","Forehead","Puritan_gel","Type 2"
"mean_abundance_ge_1pct","Mean abundance >=1%","003AcCUSw",0.535436296599754,0.464563703400246,"S003","Antecubital","Eswab","Type 5"
"mean_abundance_ge_1pct","Mean abundance >=1%","003AcLUSw_3",0.31926480599047,0.68073519400953,"S003","Antecubital","Puritan_buffer","Type 3"
"mean_abundance_ge_1pct","Mean abundance >=1%","003AcLUSw_4",0.553282081608516,0.446717918391484,"S003","Antecubital","Omni","Type 4"
"mean_abundance_ge_1pct","Mean abundance >=1%","003AcRUSw_1",0.502651618166984,0.497348381833016,"S003","Antecubital","Copan","Type 1"
"mean_abundance_ge_1pct","Mean abundance >=1%","003AcRUSw_2",0.307242524916943,0.692757475083057,"S003","Antecubital","Puritan_gel","Type 2"
"mean_abundance_ge_1pct","Mean abundance >=1%","003FhCUSw",0.0739081746920493,0.926091825307951,"S003","Forehead","Eswab","Type 5"
"mean_abundance_ge_1pct","Mean abundance >=1%","003FhLUSw_3",0.0146629941672067,0.985337005832793,"S003","Forehead","Puritan_buffer","Type 3"
"mean_abundance_ge_1pct","Mean abundance >=1%","003FhLUSw_4",0.119449715370019,0.880550284629981,"S003","Forehead","Omni","Type 4"
"mean_abundance_ge_1pct","Mean abundance >=1%","003FhRUSw_1",0.0302179435753443,0.969782056424656,"S003","Forehead","Copan","Type 1"
"mean_abundance_ge_1pct","Mean abundance >=1%","003FhRUSw_2",0.00254227920857746,0.997457720791423,"S003","Forehead","Puritan_gel","Type 2"
"mean_abundance_ge_1pct","Mean abundance >=1%","004AcCUSw",0.780364787988974,0.219635212011026,"S004","Antecubital","Eswab","Type 5"
"mean_abundance_ge_1pct","Mean abundance >=1%","004AcLUSw_3",0.938433171433711,0.0615668285662888,"S004","Antecubital","Puritan_buffer","Type 3"
"mean_abundance_ge_1pct","Mean abundance >=1%","004AcLUSw_4",0.838063439065109,0.161936560934891,"S004","Antecubital","Omni","Type 4"
"mean_abundance_ge_1pct","Mean abundance >=1%","004AcRUSw_1",0.788453389830508,0.211546610169492,"S004","Antecubital","Copan","Type 1"
"mean_abundance_ge_1pct","Mean abundance >=1%","004AcRUSw_2",0.840078973346496,0.159921026653504,"S004","Antecubital","Puritan_gel","Type 2"
"mean_abundance_ge_1pct","Mean abundance >=1%","004FhCUSw",0.147606936416185,0.852393063583815,"S004","Forehead","Eswab","Type 5"
"mean_abundance_ge_1pct","Mean abundance >=1%","004FhLUSw_3",0.455417339284019,0.544582660715981,"S004","Forehead","Puritan_buffer","Type 3"
"mean_abundance_ge_1pct","Mean abundance >=1%","004FhLUSw_4",0.494307363512726,0.505692636487274,"S004","Forehead","Omni","Type 4"
"mean_abundance_ge_1pct","Mean abundance >=1%","004FhRUSw_1",0.503893551069781,0.496106448930219,"S004","Forehead","Copan","Type 1"
"mean_abundance_ge_1pct","Mean abundance >=1%","004FhRUSw_2",0.49896265560166,0.50103734439834,"S004","Forehead","Puritan_gel","Type 2"
"mean_abundance_ge_1pct","Mean abundance >=1%","005AcCUSw",0.377765173000567,0.622234826999433,"S005","Antecubital","Eswab","Type 5"
"mean_abundance_ge_1pct","Mean abundance >=1%","005AcLUSw_3",0.512312068264933,0.487687931735067,"S005","Antecubital","Puritan_buffer","Type 3"
"mean_abundance_ge_1pct","Mean abundance >=1%","005AcLUSw_4",0.49143944197844,0.50856055802156,"S005","Antecubital","Omni","Type 4"
"mean_abundance_ge_1pct","Mean abundance >=1%","005AcRUSw_1",0.323240866035183,0.676759133964817,"S005","Antecubital","Copan","Type 1"
"mean_abundance_ge_1pct","Mean abundance >=1%","005AcRUSw_2",0.391473298545576,0.608526701454424,"S005","Antecubital","Puritan_gel","Type 2"
"mean_abundance_ge_1pct","Mean abundance >=1%","005FhCUSw",0.512491043706711,0.487508956293289,"S005","Forehead","Eswab","Type 5"
"mean_abundance_ge_1pct","Mean abundance >=1%","005FhLUSw_3",0.437796771130104,0.562203228869895,"S005","Forehead","Puritan_buffer","Type 3"
"mean_abundance_ge_1pct","Mean abundance >=1%","005FhLUSw_4",0.0550552251486831,0.944944774851317,"S005","Forehead","Omni","Type 4"
"mean_abundance_ge_1pct","Mean abundance >=1%","005FhRUSw_1",0.21574561199311,0.78425438800689,"S005","Forehead","Copan","Type 1"
"mean_abundance_ge_1pct","Mean abundance >=1%","005FhRUSw_2",0.383950458005419,0.616049541994581,"S005","Forehead","Puritan_gel","Type 2"
