"Genus","swab_type2","detection_prevalence","n_detected","n_samples"
"1174-901-12","Copan",0,0,10
"1174-901-12","Eswab",0.1,1,10
"1174-901-12","Omni",0,0,10
"1174-901-12","Puritan_buffer",0,0,10
"1174-901-12","Puritan_gel",0.1,1,10
"28-YEA-48","Copan",0,0,10
"28-YEA-48","Eswab",0,0,10
"28-YEA-48","Omni",0,0,10
"28-YEA-48","Puritan_buffer",0,0,10
"28-YEA-48","Puritan_gel",0.1,1,10
"67-14","Copan",0,0,10
"67-14","Eswab",0,0,10
"67-14","Omni",0.3,3,10
"67-14","Puritan_buffer",0,0,10
"67-14","Puritan_gel",0,0,10
"AKYG1722","Copan",0,0,10
"AKYG1722","Eswab",0,0,10
"AKYG1722","Omni",0.1,1,10
"AKYG1722","Puritan_buffer",0,0,10
"AKYG1722","Puritan_gel",0,0,10
"Abditibacterium","Copan",0.1,1,10
"Abditibacterium","Eswab",0,0,10
"Abditibacterium","Omni",0,0,10
"Abditibacterium","Puritan_buffer",0,0,10
"Abditibacterium","Puritan_gel",0,0,10
"Acetobacter","Copan",0.3,3,10
"Acetobacter","Eswab",0,0,10
"Acetobacter","Omni",0.2,2,10
"Acetobacter","Puritan_buffer",0.1,1,10
"Acetobacter","Puritan_gel",0.2,2,10
"Acetobacteraceae_f","Copan",0.1,1,10
"Acetobacteraceae_f","Eswab",0.2,2,10
"Acetobacteraceae_f","Omni",0.1,1,10
"Acetobacteraceae_f","Puritan_buffer",0.1,1,10
"Acetobacteraceae_f","Puritan_gel",0.1,1,10
"Acidimicrobiia_c","Copan",0.1,1,10
"Acidimicrobiia_c","Eswab",0,0,10
"Acidimicrobiia_c","Omni",0.1,1,10
"Acidimicrobiia_c","Puritan_buffer",0.2,2,10
"Acidimicrobiia_c","Puritan_gel",0.1,1,10
"Acidobacteriaceae_(Subgroup_1)_f","Copan",0,0,10
"Acidobacteriaceae_(Subgroup_1)_f","Eswab",0,0,10
"Acidobacteriaceae_(Subgroup_1)_f","Omni",0,0,10
"Acidobacteriaceae_(Subgroup_1)_f","Puritan_buffer",0,0,10
"Acidobacteriaceae_(Subgroup_1)_f","Puritan_gel",0.1,1,10
"Acidocella","Copan",0.1,1,10
"Acidocella","Eswab",0,0,10
"Acidocella","Omni",0,0,10
"Acidocella","Puritan_buffer",0,0,10
"Acidocella","Puritan_gel",0,0,10
"Acidovorax","Copan",0.2,2,10
"Acidovorax","Eswab",0.1,1,10
"Acidovorax","Omni",0,0,10
"Acidovorax","Puritan_buffer",0.1,1,10
"Acidovorax","Puritan_gel",0.1,1,10
"Acinetobacter","Copan",0.2,2,10
"Acinetobacter","Eswab",0,0,10
"Acinetobacter","Omni",0.1,1,10
"Acinetobacter","Puritan_buffer",0.2,2,10
"Acinetobacter","Puritan_gel",0.1,1,10
"Actinobacteria_c","Copan",0,0,10
"Actinobacteria_c","Eswab",0.1,1,10
"Actinobacteria_c","Omni",0.1,1,10
"Actinobacteria_c","Puritan_buffer",0,0,10
"Actinobacteria_c","Puritan_gel",0.1,1,10
"Actinomyces","Copan",0.5,5,10
"Actinomyces","Eswab",0.6,6,10
"Actinomyces","Omni",0.5,5,10
"Actinomyces","Puritan_buffer",0.6,6,10
"Actinomyces","Puritan_gel",0.5,5,10
"Actinomycetaceae","Copan",0.3,3,10
"Actinomycetaceae","Eswab",0,0,10
"Actinomycetaceae","Omni",0.1,1,10
"Actinomycetaceae","Puritan_buffer",0.3,3,10
"Actinomycetaceae","Puritan_gel",0.2,2,10
"Actinomycetospora","Copan",0.2,2,10
"Actinomycetospora","Eswab",0.2,2,10
"Actinomycetospora","Omni",0.2,2,10
"Actinomycetospora","Puritan_buffer",0.1,1,10
"Actinomycetospora","Puritan_gel",0.2,2,10
"Afipia","Copan",0,0,10
"Afipia","Eswab",0,0,10
"Afipia","Omni",0,0,10
"Afipia","Puritan_buffer",0,0,10
"Afipia","Puritan_gel",0.1,1,10
"Agrococcus","Copan",0,0,10
"Agrococcus","Eswab",0,0,10
"Agrococcus","Omni",0.2,2,10
"Agrococcus","Puritan_buffer",0,0,10
"Agrococcus","Puritan_gel",0,0,10
"Aliihoeflea","Copan",0.1,1,10
"Aliihoeflea","Eswab",0,0,10
"Aliihoeflea","Omni",0,0,10
"Aliihoeflea","Puritan_buffer",0,0,10
"Aliihoeflea","Puritan_gel",0,0,10
"Alishewanella","Copan",0.1,1,10
"Alishewanella","Eswab",0,0,10
"Alishewanella","Omni",0,0,10
"Alishewanella","Puritan_buffer",0,0,10
"Alishewanella","Puritan_gel",0,0,10
"Alistipes","Copan",0.1,1,10
"Alistipes","Eswab",0,0,10
"Alistipes","Omni",0.1,1,10
"Alistipes","Puritan_buffer",0,0,10
"Alistipes","Puritan_gel",0,0,10
"Alkalibacterium","Copan",0,0,10
"Alkalibacterium","Eswab",0.1,1,10
"Alkalibacterium","Omni",0,0,10
"Alkalibacterium","Puritan_buffer",0,0,10
"Alkalibacterium","Puritan_gel",0,0,10
"Alloprevotella","Copan",0.3,3,10
"Alloprevotella","Eswab",0,0,10
"Alloprevotella","Omni",0.1,1,10
"Alloprevotella","Puritan_buffer",0,0,10
"Alloprevotella","Puritan_gel",0,0,10
"Allorhizobium-Neorhizobium-Pararhizobium-Rhizobium","Copan",0.3,3,10
"Allorhizobium-Neorhizobium-Pararhizobium-Rhizobium","Eswab",0,0,10
"Allorhizobium-Neorhizobium-Pararhizobium-Rhizobium","Omni",0.1,1,10
"Allorhizobium-Neorhizobium-Pararhizobium-Rhizobium","Puritan_buffer",0.2,2,10
"Allorhizobium-Neorhizobium-Pararhizobium-Rhizobium","Puritan_gel",0.2,2,10
"Alphaproteobacteria_c","Copan",0.1,1,10
"Alphaproteobacteria_c","Eswab",0.1,1,10
"Alphaproteobacteria_c","Omni",0.2,2,10
"Alphaproteobacteria_c","Puritan_buffer",0,0,10
"Alphaproteobacteria_c","Puritan_gel",0,0,10
"Amaricoccus","Copan",0,0,10
"Amaricoccus","Eswab",0,0,10
"Amaricoccus","Omni",0.1,1,10
"Amaricoccus","Puritan_buffer",0.2,2,10
"Amaricoccus","Puritan_gel",0,0,10
"Amb-16S-1323","Copan",0,0,10
"Amb-16S-1323","Eswab",0,0,10
"Amb-16S-1323","Omni",0,0,10
"Amb-16S-1323","Puritan_buffer",0.1,1,10
"Amb-16S-1323","Puritan_gel",0,0,10
"Aminobacter","Copan",0,0,10
"Aminobacter","Eswab",0,0,10
"Aminobacter","Omni",0,0,10
"Aminobacter","Puritan_buffer",0,0,10
"Aminobacter","Puritan_gel",0.1,1,10
"Anaerococcus","Copan",0.8,8,10
"Anaerococcus","Eswab",0.6,6,10
"Anaerococcus","Omni",0.8,8,10
"Anaerococcus","Puritan_buffer",0.8,8,10
"Anaerococcus","Puritan_gel",0.8,8,10
"Anaeroplasma","Copan",0.1,1,10
"Anaeroplasma","Eswab",0,0,10
"Anaeroplasma","Omni",0,0,10
"Anaeroplasma","Puritan_buffer",0.1,1,10
"Anaeroplasma","Puritan_gel",0,0,10
"Anoxybacillus","Copan",0.1,1,10
"Anoxybacillus","Eswab",0,0,10
"Anoxybacillus","Omni",0.1,1,10
"Anoxybacillus","Puritan_buffer",0.1,1,10
"Anoxybacillus","Puritan_gel",0.1,1,10
"Antricoccus","Copan",0.2,2,10
"Antricoccus","Eswab",0.1,1,10
"Antricoccus","Omni",0.3,3,10
"Antricoccus","Puritan_buffer",0.2,2,10
"Antricoccus","Puritan_gel",0.2,2,10
"Aquabacterium","Copan",0,0,10
"Aquabacterium","Eswab",0,0,10
"Aquabacterium","Omni",0.1,1,10
"Aquabacterium","Puritan_buffer",0,0,10
"Aquabacterium","Puritan_gel",0.2,2,10
"Arcobacter","Copan",0,0,10
"Arcobacter","Eswab",0,0,10
"Arcobacter","Omni",0.1,1,10
"Arcobacter","Puritan_buffer",0,0,10
"Arcobacter","Puritan_gel",0,0,10
"Aridibacter","Copan",0,0,10
"Aridibacter","Eswab",0,0,10
"Aridibacter","Omni",0,0,10
"Aridibacter","Puritan_buffer",0.1,1,10
"Aridibacter","Puritan_gel",0,0,10
"Armatimonadales","Copan",0.1,1,10
"Armatimonadales","Eswab",0,0,10
"Armatimonadales","Omni",0,0,10
"Armatimonadales","Puritan_buffer",0,0,10
"Armatimonadales","Puritan_gel",0.1,1,10
"Arsenicicoccus","Copan",0.1,1,10
"Arsenicicoccus","Eswab",0.1,1,10
"Arsenicicoccus","Omni",0.2,2,10
"Arsenicicoccus","Puritan_buffer",0.1,1,10
"Arsenicicoccus","Puritan_gel",0.2,2,10
"Arthrobacter","Copan",0,0,10
"Arthrobacter","Eswab",0,0,10
"Arthrobacter","Omni",0,0,10
"Arthrobacter","Puritan_buffer",0.1,1,10
"Arthrobacter","Puritan_gel",0,0,10
"Asaia","Copan",0.1,1,10
"Asaia","Eswab",0,0,10
"Asaia","Omni",0,0,10
"Asaia","Puritan_buffer",0,0,10
"Asaia","Puritan_gel",0.1,1,10
"Asticcacaulis","Copan",0,0,10
"Asticcacaulis","Eswab",0,0,10
"Asticcacaulis","Omni",0,0,10
"Asticcacaulis","Puritan_buffer",0,0,10
"Asticcacaulis","Puritan_gel",0.1,1,10
"Atopobium","Copan",0.3,3,10
"Atopobium","Eswab",0,0,10
"Atopobium","Omni",0.1,1,10
"Atopobium","Puritan_buffer",0.2,2,10
"Atopobium","Puritan_gel",0.1,1,10
"Atopostipes","Copan",0.3,3,10
"Atopostipes","Eswab",0.2,2,10
"Atopostipes","Omni",0.2,2,10
"Atopostipes","Puritan_buffer",0,0,10
"Atopostipes","Puritan_gel",0.2,2,10
"Aureimonas","Copan",0.1,1,10
"Aureimonas","Eswab",0,0,10
"Aureimonas","Omni",0.1,1,10
"Aureimonas","Puritan_buffer",0.1,1,10
"Aureimonas","Puritan_gel",0.1,1,10
"Babeliaceae","Copan",0,0,10
"Babeliaceae","Eswab",0,0,10
"Babeliaceae","Omni",0,0,10
"Babeliaceae","Puritan_buffer",0,0,10
"Babeliaceae","Puritan_gel",0.1,1,10
"Bacillaceae_f","Copan",0.1,1,10
"Bacillaceae_f","Eswab",0,0,10
"Bacillaceae_f","Omni",0,0,10
"Bacillaceae_f","Puritan_buffer",0,0,10
"Bacillaceae_f","Puritan_gel",0.2,2,10
"Bacillus","Copan",0.3,3,10
"Bacillus","Eswab",0.1,1,10
"Bacillus","Omni",0.1,1,10
"Bacillus","Puritan_buffer",0.3,3,10
"Bacillus","Puritan_gel",0.2,2,10
"Bacteria_k","Copan",0.2,2,10
"Bacteria_k","Eswab",0.1,1,10
"Bacteria_k","Omni",0,0,10
"Bacteria_k","Puritan_buffer",0,0,10
"Bacteria_k","Puritan_gel",0,0,10
"Bacteroidia_c","Copan",0,0,10
"Bacteroidia_c","Eswab",0.1,1,10
"Bacteroidia_c","Omni",0,0,10
"Bacteroidia_c","Puritan_buffer",0,0,10
"Bacteroidia_c","Puritan_gel",0,0,10
"Bdellovibrio","Copan",0,0,10
"Bdellovibrio","Eswab",0,0,10
"Bdellovibrio","Omni",0.1,1,10
"Bdellovibrio","Puritan_buffer",0,0,10
"Bdellovibrio","Puritan_gel",0.1,1,10
"Beijerinckiaceae_f","Copan",0.3,3,10
"Beijerinckiaceae_f","Eswab",0.2,2,10
"Beijerinckiaceae_f","Omni",0.1,1,10
"Beijerinckiaceae_f","Puritan_buffer",0.2,2,10
"Beijerinckiaceae_f","Puritan_gel",0.2,2,10
"Belnapia","Copan",0.1,1,10
"Belnapia","Eswab",0,0,10
"Belnapia","Omni",0,0,10
"Belnapia","Puritan_buffer",0,0,10
"Belnapia","Puritan_gel",0,0,10
"Bergeyella","Copan",0.1,1,10
"Bergeyella","Eswab",0,0,10
"Bergeyella","Omni",0,0,10
"Bergeyella","Puritan_buffer",0,0,10
"Bergeyella","Puritan_gel",0,0,10
"Berkelbacteria","Copan",0,0,10
"Berkelbacteria","Eswab",0,0,10
"Berkelbacteria","Omni",0,0,10
"Berkelbacteria","Puritan_buffer",0.1,1,10
"Berkelbacteria","Puritan_gel",0,0,10
"Blastococcus","Copan",0.2,2,10
"Blastococcus","Eswab",0.2,2,10
"Blastococcus","Omni",0.3,3,10
"Blastococcus","Puritan_buffer",0.2,2,10
"Blastococcus","Puritan_gel",0.3,3,10
"Bosea","Copan",0.1,1,10
"Bosea","Eswab",0.3,3,10
"Bosea","Omni",0.2,2,10
"Bosea","Puritan_buffer",0.1,1,10
"Bosea","Puritan_gel",0.1,1,10
"Brachybacterium","Copan",0.1,1,10
"Brachybacterium","Eswab",0.1,1,10
"Brachybacterium","Omni",0.1,1,10
"Brachybacterium","Puritan_buffer",0.1,1,10
"Brachybacterium","Puritan_gel",0,0,10
"Bradyrhizobium","Copan",0.1,1,10
"Bradyrhizobium","Eswab",0,0,10
"Bradyrhizobium","Omni",0,0,10
"Bradyrhizobium","Puritan_buffer",0,0,10
"Bradyrhizobium","Puritan_gel",0,0,10
"Brevibacillus","Copan",0,0,10
"Brevibacillus","Eswab",0,0,10
"Brevibacillus","Omni",0,0,10
"Brevibacillus","Puritan_buffer",0.1,1,10
"Brevibacillus","Puritan_gel",0,0,10
"Brevibacterium","Copan",0,0,10
"Brevibacterium","Eswab",0.1,1,10
"Brevibacterium","Omni",0.2,2,10
"Brevibacterium","Puritan_buffer",0,0,10
"Brevibacterium","Puritan_gel",0.1,1,10
"Brevundimonas","Copan",0,0,10
"Brevundimonas","Eswab",0,0,10
"Brevundimonas","Omni",0.1,1,10
"Brevundimonas","Puritan_buffer",0.1,1,10
"Brevundimonas","Puritan_gel",0,0,10
"Bulleidia","Copan",0,0,10
"Bulleidia","Eswab",0,0,10
"Bulleidia","Omni",0,0,10
"Bulleidia","Puritan_buffer",0.1,1,10
"Bulleidia","Puritan_gel",0,0,10
"Burkholderia-Caballeronia-Paraburkholderia","Copan",0.1,1,10
"Burkholderia-Caballeronia-Paraburkholderia","Eswab",0.1,1,10
"Burkholderia-Caballeronia-Paraburkholderia","Omni",0.2,2,10
"Burkholderia-Caballeronia-Paraburkholderia","Puritan_buffer",0,0,10
"Burkholderia-Caballeronia-Paraburkholderia","Puritan_gel",0,0,10
"Burkholderiales_o","Copan",0.1,1,10
"Burkholderiales_o","Eswab",0,0,10
"Burkholderiales_o","Omni",0,0,10
"Burkholderiales_o","Puritan_buffer",0,0,10
"Burkholderiales_o","Puritan_gel",0,0,10
"Calidifontibacter","Copan",0.3,3,10
"Calidifontibacter","Eswab",0.5,5,10
"Calidifontibacter","Omni",0.2,2,10
"Calidifontibacter","Puritan_buffer",0.1,1,10
"Calidifontibacter","Puritan_gel",0.2,2,10
"Calothrix_PCC-6303","Copan",0,0,10
"Calothrix_PCC-6303","Eswab",0,0,10
"Calothrix_PCC-6303","Omni",0.1,1,10
"Calothrix_PCC-6303","Puritan_buffer",0.1,1,10
"Calothrix_PCC-6303","Puritan_gel",0,0,10
"Candidatus_Alysiosphaera","Copan",0,0,10
"Candidatus_Alysiosphaera","Eswab",0,0,10
"Candidatus_Alysiosphaera","Omni",0.1,1,10
"Candidatus_Alysiosphaera","Puritan_buffer",0,0,10
"Candidatus_Alysiosphaera","Puritan_gel",0.1,1,10
"Capnocytophaga","Copan",0,0,10
"Capnocytophaga","Eswab",0,0,10
"Capnocytophaga","Omni",0,0,10
"Capnocytophaga","Puritan_buffer",0,0,10
"Capnocytophaga","Puritan_gel",0.2,2,10
"Caulobacter","Copan",0.1,1,10
"Caulobacter","Eswab",0.2,2,10
"Caulobacter","Omni",0.1,1,10
"Caulobacter","Puritan_buffer",0,0,10
"Caulobacter","Puritan_gel",0.2,2,10
"Caulobacteraceae","Copan",0,0,10
"Caulobacteraceae","Eswab",0,0,10
"Caulobacteraceae","Omni",0.1,1,10
"Caulobacteraceae","Puritan_buffer",0,0,10
"Caulobacteraceae","Puritan_gel",0,0,10
"Caulobacteraceae_f","Copan",0,0,10
"Caulobacteraceae_f","Eswab",0.2,2,10
"Caulobacteraceae_f","Omni",0.2,2,10
"Caulobacteraceae_f","Puritan_buffer",0.1,1,10
"Caulobacteraceae_f","Puritan_gel",0.1,1,10
"Cellulomonas","Copan",0.1,1,10
"Cellulomonas","Eswab",0,0,10
"Cellulomonas","Omni",0,0,10
"Cellulomonas","Puritan_buffer",0,0,10
"Cellulomonas","Puritan_gel",0.1,1,10
"Cellulosimicrobium","Copan",0,0,10
"Cellulosimicrobium","Eswab",0,0,10
"Cellulosimicrobium","Omni",0,0,10
"Cellulosimicrobium","Puritan_buffer",0,0,10
"Cellulosimicrobium","Puritan_gel",0.1,1,10
"Cellvibrio","Copan",0,0,10
"Cellvibrio","Eswab",0,0,10
"Cellvibrio","Omni",0,0,10
"Cellvibrio","Puritan_buffer",0,0,10
"Cellvibrio","Puritan_gel",0.1,1,10
"Christensenellaceae_R-7_group","Copan",0,0,10
"Christensenellaceae_R-7_group","Eswab",0.1,1,10
"Christensenellaceae_R-7_group","Omni",0,0,10
"Christensenellaceae_R-7_group","Puritan_buffer",0,0,10
"Christensenellaceae_R-7_group","Puritan_gel",0,0,10
"Chroococcidiopsaceae_f","Copan",0,0,10
"Chroococcidiopsaceae_f","Eswab",0.1,1,10
"Chroococcidiopsaceae_f","Omni",0.1,1,10
"Chroococcidiopsaceae_f","Puritan_buffer",0.1,1,10
"Chroococcidiopsaceae_f","Puritan_gel",0,0,10
"Chryseobacterium","Copan",0.3,3,10
"Chryseobacterium","Eswab",0.1,1,10
"Chryseobacterium","Omni",0.4,4,10
"Chryseobacterium","Puritan_buffer",0.4,4,10
"Chryseobacterium","Puritan_gel",0.3,3,10
"Ciceribacter","Copan",0,0,10
"Ciceribacter","Eswab",0,0,10
"Ciceribacter","Omni",0.1,1,10
"Ciceribacter","Puritan_buffer",0,0,10
"Ciceribacter","Puritan_gel",0,0,10
"Cloacibacterium","Copan",0.1,1,10
"Cloacibacterium","Eswab",0,0,10
"Cloacibacterium","Omni",0,0,10
"Cloacibacterium","Puritan_buffer",0.2,2,10
"Cloacibacterium","Puritan_gel",0.3,3,10
"Clostridia_UCG-014","Copan",0.1,1,10
"Clostridia_UCG-014","Eswab",0,0,10
"Clostridia_UCG-014","Omni",0,0,10
"Clostridia_UCG-014","Puritan_buffer",0.1,1,10
"Clostridia_UCG-014","Puritan_gel",0,0,10
"Clostridium_sensu_stricto_1","Copan",0.1,1,10
"Clostridium_sensu_stricto_1","Eswab",0,0,10
"Clostridium_sensu_stricto_1","Omni",0,0,10
"Clostridium_sensu_stricto_1","Puritan_buffer",0.2,2,10
"Clostridium_sensu_stricto_1","Puritan_gel",0,0,10
"Colidextribacter","Copan",0,0,10
"Colidextribacter","Eswab",0,0,10
"Colidextribacter","Omni",0,0,10
"Colidextribacter","Puritan_buffer",0,0,10
"Colidextribacter","Puritan_gel",0.1,1,10
"Comamonadaceae_f","Copan",0.1,1,10
"Comamonadaceae_f","Eswab",0,0,10
"Comamonadaceae_f","Omni",0.1,1,10
"Comamonadaceae_f","Puritan_buffer",0.1,1,10
"Comamonadaceae_f","Puritan_gel",0,0,10
"Comamonas","Copan",0,0,10
"Comamonas","Eswab",0,0,10
"Comamonas","Omni",0.1,1,10
"Comamonas","Puritan_buffer",0,0,10
"Comamonas","Puritan_gel",0.1,1,10
"Conexibacter","Copan",0,0,10
"Conexibacter","Eswab",0,0,10
"Conexibacter","Omni",0,0,10
"Conexibacter","Puritan_buffer",0.1,1,10
"Conexibacter","Puritan_gel",0.2,2,10
"Coriobacteriales_o","Copan",0,0,10
"Coriobacteriales_o","Eswab",0,0,10
"Coriobacteriales_o","Omni",0,0,10
"Coriobacteriales_o","Puritan_buffer",0.1,1,10
"Coriobacteriales_o","Puritan_gel",0,0,10
"Corynebacteriaceae","Copan",0.1,1,10
"Corynebacteriaceae","Eswab",0.1,1,10
"Corynebacteriaceae","Omni",0.1,1,10
"Corynebacteriaceae","Puritan_buffer",0.1,1,10
"Corynebacteriaceae","Puritan_gel",0.2,2,10
"Corynebacteriaceae_f","Copan",0.9,9,10
"Corynebacteriaceae_f","Eswab",1,10,10
"Corynebacteriaceae_f","Omni",0.9,9,10
"Corynebacteriaceae_f","Puritan_buffer",1,10,10
"Corynebacteriaceae_f","Puritan_gel",0.9,9,10
"Corynebacteriales_o","Copan",0,0,10
"Corynebacteriales_o","Eswab",0,0,10
"Corynebacteriales_o","Omni",0.1,1,10
"Corynebacteriales_o","Puritan_buffer",0.1,1,10
"Corynebacteriales_o","Puritan_gel",0,0,10
"Corynebacterium","Copan",1,10,10
"Corynebacterium","Eswab",0.9,9,10
"Corynebacterium","Omni",1,10,10
"Corynebacterium","Puritan_buffer",0.9,9,10
"Corynebacterium","Puritan_gel",1,10,10
"Coxiella","Copan",0.1,1,10
"Coxiella","Eswab",0,0,10
"Coxiella","Omni",0,0,10
"Coxiella","Puritan_buffer",0,0,10
"Coxiella","Puritan_gel",0,0,10
"Craurococcus-Caldovatus","Copan",0,0,10
"Craurococcus-Caldovatus","Eswab",0,0,10
"Craurococcus-Caldovatus","Omni",0.1,1,10
"Craurococcus-Caldovatus","Puritan_buffer",0.1,1,10
"Craurococcus-Caldovatus","Puritan_gel",0,0,10
"Cupriavidus","Copan",0.1,1,10
"Cupriavidus","Eswab",0,0,10
"Cupriavidus","Omni",0,0,10
"Cupriavidus","Puritan_buffer",0,0,10
"Cupriavidus","Puritan_gel",0.2,2,10
"Cutibacterium","Copan",1,10,10
"Cutibacterium","Eswab",1,10,10
"Cutibacterium","Omni",1,10,10
"Cutibacterium","Puritan_buffer",1,10,10
"Cutibacterium","Puritan_gel",1,10,10
"Cyanobacteriales_o","Copan",0,0,10
"Cyanobacteriales_o","Eswab",0.1,1,10
"Cyanobacteriales_o","Omni",0,0,10
"Cyanobacteriales_o","Puritan_buffer",0,0,10
"Cyanobacteriales_o","Puritan_gel",0,0,10
"D05-2","Copan",0,0,10
"D05-2","Eswab",0,0,10
"D05-2","Omni",0,0,10
"D05-2","Puritan_buffer",0,0,10
"D05-2","Puritan_gel",0.1,1,10
"Deinococcus","Copan",0.2,2,10
"Deinococcus","Eswab",0.2,2,10
"Deinococcus","Omni",0.2,2,10
"Deinococcus","Puritan_buffer",0.2,2,10
"Deinococcus","Puritan_gel",0.2,2,10
"Delftia","Copan",0,0,10
"Delftia","Eswab",0,0,10
"Delftia","Omni",0,0,10
"Delftia","Puritan_buffer",0.1,1,10
"Delftia","Puritan_gel",0,0,10
"Dermabacter","Copan",0.2,2,10
"Dermabacter","Eswab",0.1,1,10
"Dermabacter","Omni",0.1,1,10
"Dermabacter","Puritan_buffer",0,0,10
"Dermabacter","Puritan_gel",0.1,1,10
"Dermacoccus","Copan",0.2,2,10
"Dermacoccus","Eswab",0.2,2,10
"Dermacoccus","Omni",0.2,2,10
"Dermacoccus","Puritan_buffer",0.2,2,10
"Dermacoccus","Puritan_gel",0.2,2,10
"Devosia","Copan",0.1,1,10
"Devosia","Eswab",0,0,10
"Devosia","Omni",0.2,2,10
"Devosia","Puritan_buffer",0.2,2,10
"Devosia","Puritan_gel",0.1,1,10
"Devosiaceae_f","Copan",0,0,10
"Devosiaceae_f","Eswab",0,0,10
"Devosiaceae_f","Omni",0.1,1,10
"Devosiaceae_f","Puritan_buffer",0.1,1,10
"Devosiaceae_f","Puritan_gel",0.1,1,10
"Diaminobutyricimonas","Copan",0,0,10
"Diaminobutyricimonas","Eswab",0,0,10
"Diaminobutyricimonas","Omni",0.1,1,10
"Diaminobutyricimonas","Puritan_buffer",0,0,10
"Diaminobutyricimonas","Puritan_gel",0,0,10
"Dietzia","Copan",0.4,4,10
"Dietzia","Eswab",0.5,5,10
"Dietzia","Omni",0.3,3,10
"Dietzia","Puritan_buffer",0.4,4,10
"Dietzia","Puritan_gel",0.3,3,10
"Dorea","Copan",0,0,10
"Dorea","Eswab",0.1,1,10
"Dorea","Omni",0,0,10
"Dorea","Puritan_buffer",0,0,10
"Dorea","Puritan_gel",0.1,1,10
"Dubosiella","Copan",0.1,1,10
"Dubosiella","Eswab",0,0,10
"Dubosiella","Omni",0.1,1,10
"Dubosiella","Puritan_buffer",0,0,10
"Dubosiella","Puritan_gel",0,0,10
"Dyadobacter","Copan",0,0,10
"Dyadobacter","Eswab",0,0,10
"Dyadobacter","Omni",0.1,1,10
"Dyadobacter","Puritan_buffer",0,0,10
"Dyadobacter","Puritan_gel",0,0,10
"EcFYyy-200","Copan",0,0,10
"EcFYyy-200","Eswab",0,0,10
"EcFYyy-200","Omni",0.1,1,10
"EcFYyy-200","Puritan_buffer",0,0,10
"EcFYyy-200","Puritan_gel",0,0,10
"Empedobacter","Copan",0.1,1,10
"Empedobacter","Eswab",0,0,10
"Empedobacter","Omni",0,0,10
"Empedobacter","Puritan_buffer",0,0,10
"Empedobacter","Puritan_gel",0,0,10
"Enhydrobacter","Copan",0.6,6,10
"Enhydrobacter","Eswab",0.3,3,10
"Enhydrobacter","Omni",0.6,6,10
"Enhydrobacter","Puritan_buffer",0.4,4,10
"Enhydrobacter","Puritan_gel",0.5,5,10
"Ensifer","Copan",0.2,2,10
"Ensifer","Eswab",0,0,10
"Ensifer","Omni",0.1,1,10
"Ensifer","Puritan_buffer",0.1,1,10
"Ensifer","Puritan_gel",0.2,2,10
"Enterobacterales_o","Copan",0,0,10
"Enterobacterales_o","Eswab",0,0,10
"Enterobacterales_o","Omni",0,0,10
"Enterobacterales_o","Puritan_buffer",0.1,1,10
"Enterobacterales_o","Puritan_gel",0,0,10
"Enterobacteriaceae_f","Copan",0,0,10
"Enterobacteriaceae_f","Eswab",0,0,10
"Enterobacteriaceae_f","Omni",0,0,10
"Enterobacteriaceae_f","Puritan_buffer",0.1,1,10
"Enterobacteriaceae_f","Puritan_gel",0.1,1,10
"Eremococcus","Copan",0.1,1,10
"Eremococcus","Eswab",0.2,2,10
"Eremococcus","Omni",0.1,1,10
"Eremococcus","Puritan_buffer",0.2,2,10
"Eremococcus","Puritan_gel",0.1,1,10
"Erwiniaceae_f","Copan",0.1,1,10
"Erwiniaceae_f","Eswab",0,0,10
"Erwiniaceae_f","Omni",0,0,10
"Erwiniaceae_f","Puritan_buffer",0.1,1,10
"Erwiniaceae_f","Puritan_gel",0.1,1,10
"Erysipelothrix","Copan",0,0,10
"Erysipelothrix","Eswab",0.1,1,10
"Erysipelothrix","Omni",0,0,10
"Erysipelothrix","Puritan_buffer",0,0,10
"Erysipelothrix","Puritan_gel",0,0,10
"Erysipelotrichaceae_UCG-003","Copan",0,0,10
"Erysipelotrichaceae_UCG-003","Eswab",0,0,10
"Erysipelotrichaceae_UCG-003","Omni",0,0,10
"Erysipelotrichaceae_UCG-003","Puritan_buffer",0,0,10
"Erysipelotrichaceae_UCG-003","Puritan_gel",0.1,1,10
"Ezakiella","Copan",0,0,10
"Ezakiella","Eswab",0,0,10
"Ezakiella","Omni",0,0,10
"Ezakiella","Puritan_buffer",0.1,1,10
"Ezakiella","Puritan_gel",0.1,1,10
"Facklamia","Copan",0.1,1,10
"Facklamia","Eswab",0,0,10
"Facklamia","Omni",0,0,10
"Facklamia","Puritan_buffer",0,0,10
"Facklamia","Puritan_gel",0,0,10
"Family_XI_f","Copan",0.1,1,10
"Family_XI_f","Eswab",0,0,10
"Family_XI_f","Omni",0,0,10
"Family_XI_f","Puritan_buffer",0.1,1,10
"Family_XI_f","Puritan_gel",0,0,10
"Fenollaria","Copan",0,0,10
"Fenollaria","Eswab",0,0,10
"Fenollaria","Omni",0,0,10
"Fenollaria","Puritan_buffer",0.1,1,10
"Fenollaria","Puritan_gel",0,0,10
"Fictibacillus","Copan",0,0,10
"Fictibacillus","Eswab",0,0,10
"Fictibacillus","Omni",0.1,1,10
"Fictibacillus","Puritan_buffer",0,0,10
"Fictibacillus","Puritan_gel",0.1,1,10
"Filifactor","Copan",0,0,10
"Filifactor","Eswab",0.1,1,10
"Filifactor","Omni",0,0,10
"Filifactor","Puritan_buffer",0,0,10
"Filifactor","Puritan_gel",0,0,10
"Fimbriiglobus","Copan",0,0,10
"Fimbriiglobus","Eswab",0.1,1,10
"Fimbriiglobus","Omni",0,0,10
"Fimbriiglobus","Puritan_buffer",0,0,10
"Fimbriiglobus","Puritan_gel",0,0,10
"Finegoldia","Copan",0.7,7,10
"Finegoldia","Eswab",0.5,5,10
"Finegoldia","Omni",0.7,7,10
"Finegoldia","Puritan_buffer",0.5,5,10
"Finegoldia","Puritan_gel",0.6,6,10
"Flavobacterium","Copan",0.1,1,10
"Flavobacterium","Eswab",0,0,10
"Flavobacterium","Omni",0,0,10
"Flavobacterium","Puritan_buffer",0.1,1,10
"Flavobacterium","Puritan_gel",0,0,10
"Fluviicola","Copan",0,0,10
"Fluviicola","Eswab",0,0,10
"Fluviicola","Omni",0,0,10
"Fluviicola","Puritan_buffer",0.1,1,10
"Fluviicola","Puritan_gel",0,0,10
"Friedmanniella","Copan",0,0,10
"Friedmanniella","Eswab",0.1,1,10
"Friedmanniella","Omni",0.1,1,10
"Friedmanniella","Puritan_buffer",0,0,10
"Friedmanniella","Puritan_gel",0,0,10
"Fusobacterium","Copan",0.1,1,10
"Fusobacterium","Eswab",0.1,1,10
"Fusobacterium","Omni",0,0,10
"Fusobacterium","Puritan_buffer",0.1,1,10
"Fusobacterium","Puritan_gel",0.1,1,10
"Galbitalea","Copan",0,0,10
"Galbitalea","Eswab",0,0,10
"Galbitalea","Omni",0.1,1,10
"Galbitalea","Puritan_buffer",0,0,10
"Galbitalea","Puritan_gel",0.1,1,10
"Gastranaerophilales","Copan",0,0,10
"Gastranaerophilales","Eswab",0,0,10
"Gastranaerophilales","Omni",0.1,1,10
"Gastranaerophilales","Puritan_buffer",0,0,10
"Gastranaerophilales","Puritan_gel",0,0,10
"Gemella","Copan",0,0,10
"Gemella","Eswab",0.2,2,10
"Gemella","Omni",0.1,1,10
"Gemella","Puritan_buffer",0.1,1,10
"Gemella","Puritan_gel",0.1,1,10
"Gemmata","Copan",0.1,1,10
"Gemmata","Eswab",0,0,10
"Gemmata","Omni",0,0,10
"Gemmata","Puritan_buffer",0.1,1,10
"Gemmata","Puritan_gel",0,0,10
"Gemmataceae_f","Copan",0,0,10
"Gemmataceae_f","Eswab",0,0,10
"Gemmataceae_f","Omni",0,0,10
"Gemmataceae_f","Puritan_buffer",0,0,10
"Gemmataceae_f","Puritan_gel",0.1,1,10
"Gemmatimonadaceae_f","Copan",0,0,10
"Gemmatimonadaceae_f","Eswab",0,0,10
"Gemmatimonadaceae_f","Omni",0.1,1,10
"Gemmatimonadaceae_f","Puritan_buffer",0,0,10
"Gemmatimonadaceae_f","Puritan_gel",0,0,10
"Gemmatimonas","Copan",0,0,10
"Gemmatimonas","Eswab",0,0,10
"Gemmatimonas","Omni",0.1,1,10
"Gemmatimonas","Puritan_buffer",0,0,10
"Gemmatimonas","Puritan_gel",0,0,10
"Georgenia","Copan",0,0,10
"Georgenia","Eswab",0,0,10
"Georgenia","Omni",0,0,10
"Georgenia","Puritan_buffer",0.1,1,10
"Georgenia","Puritan_gel",0.1,1,10
"Gluconacetobacter","Copan",0,0,10
"Gluconacetobacter","Eswab",0,0,10
"Gluconacetobacter","Omni",0,0,10
"Gluconacetobacter","Puritan_buffer",0.1,1,10
"Gluconacetobacter","Puritan_gel",0.1,1,10
"Gordonia","Copan",0.4,4,10
"Gordonia","Eswab",0.5,5,10
"Gordonia","Omni",0.4,4,10
"Gordonia","Puritan_buffer",0.2,2,10
"Gordonia","Puritan_gel",0.2,2,10
"HT002","Copan",0.1,1,10
"HT002","Eswab",0,0,10
"HT002","Omni",0,0,10
"HT002","Puritan_buffer",0,0,10
"HT002","Puritan_gel",0,0,10
"Haematobacter","Copan",0.2,2,10
"Haematobacter","Eswab",0.1,1,10
"Haematobacter","Omni",0.2,2,10
"Haematobacter","Puritan_buffer",0.2,2,10
"Haematobacter","Puritan_gel",0.2,2,10
"Haemophilus","Copan",0,0,10
"Haemophilus","Eswab",0.2,2,10
"Haemophilus","Omni",0.3,3,10
"Haemophilus","Puritan_buffer",0.2,2,10
"Haemophilus","Puritan_gel",0.3,3,10
"Haoranjiania","Copan",0.1,1,10
"Haoranjiania","Eswab",0,0,10
"Haoranjiania","Omni",0,0,10
"Haoranjiania","Puritan_buffer",0,0,10
"Haoranjiania","Puritan_gel",0.1,1,10
"Helicobacter","Copan",0.1,1,10
"Helicobacter","Eswab",0,0,10
"Helicobacter","Omni",0,0,10
"Helicobacter","Puritan_buffer",0,0,10
"Helicobacter","Puritan_gel",0,0,10
"Hydrogenispora","Copan",0.1,1,10
"Hydrogenispora","Eswab",0,0,10
"Hydrogenispora","Omni",0,0,10
"Hydrogenispora","Puritan_buffer",0,0,10
"Hydrogenispora","Puritan_gel",0,0,10
"Hydrogenobacter","Copan",0.1,1,10
"Hydrogenobacter","Eswab",0,0,10
"Hydrogenobacter","Omni",0,0,10
"Hydrogenobacter","Puritan_buffer",0,0,10
"Hydrogenobacter","Puritan_gel",0,0,10
"Hydrogenophilus","Copan",0.1,1,10
"Hydrogenophilus","Eswab",0,0,10
"Hydrogenophilus","Omni",0,0,10
"Hydrogenophilus","Puritan_buffer",0,0,10
"Hydrogenophilus","Puritan_gel",0.1,1,10
"Hymenobacter","Copan",0,0,10
"Hymenobacter","Eswab",0,0,10
"Hymenobacter","Omni",0,0,10
"Hymenobacter","Puritan_buffer",0,0,10
"Hymenobacter","Puritan_gel",0.1,1,10
"Hyphomicrobiaceae_f","Copan",0,0,10
"Hyphomicrobiaceae_f","Eswab",0,0,10
"Hyphomicrobiaceae_f","Omni",0,0,10
"Hyphomicrobiaceae_f","Puritan_buffer",0.1,1,10
"Hyphomicrobiaceae_f","Puritan_gel",0,0,10
"Hyphomicrobium","Copan",0,0,10
"Hyphomicrobium","Eswab",0,0,10
"Hyphomicrobium","Omni",0.3,3,10
"Hyphomicrobium","Puritan_buffer",0,0,10
"Hyphomicrobium","Puritan_gel",0,0,10
"Hyphomonadaceae_f","Copan",0,0,10
"Hyphomonadaceae_f","Eswab",0.1,1,10
"Hyphomonadaceae_f","Omni",0,0,10
"Hyphomonadaceae_f","Puritan_buffer",0,0,10
"Hyphomonadaceae_f","Puritan_gel",0,0,10
"Incertae_Sedis","Copan",0,0,10
"Incertae_Sedis","Eswab",0,0,10
"Incertae_Sedis","Omni",0,0,10
"Incertae_Sedis","Puritan_buffer",0,0,10
"Incertae_Sedis","Puritan_gel",0.1,1,10
"Intrasporangiaceae_f","Copan",0,0,10
"Intrasporangiaceae_f","Eswab",0.3,3,10
"Intrasporangiaceae_f","Omni",0.2,2,10
"Intrasporangiaceae_f","Puritan_buffer",0.1,1,10
"Intrasporangiaceae_f","Puritan_gel",0.2,2,10
"Isosphaeraceae_f","Copan",0.1,1,10
"Isosphaeraceae_f","Eswab",0,0,10
"Isosphaeraceae_f","Omni",0.1,1,10
"Isosphaeraceae_f","Puritan_buffer",0.1,1,10
"Isosphaeraceae_f","Puritan_gel",0,0,10
"JG30-KF-CM45","Copan",0.2,2,10
"JG30-KF-CM45","Eswab",0.2,2,10
"JG30-KF-CM45","Omni",0.2,2,10
"JG30-KF-CM45","Puritan_buffer",0.2,2,10
"JG30-KF-CM45","Puritan_gel",0.3,3,10
"JGI_0000069-P22","Copan",0,0,10
"JGI_0000069-P22","Eswab",0,0,10
"JGI_0000069-P22","Omni",0,0,10
"JGI_0000069-P22","Puritan_buffer",0.1,1,10
"JGI_0000069-P22","Puritan_gel",0,0,10
"JGI_0001001-H03","Copan",0.1,1,10
"JGI_0001001-H03","Eswab",0,0,10
"JGI_0001001-H03","Omni",0,0,10
"JGI_0001001-H03","Puritan_buffer",0,0,10
"JGI_0001001-H03","Puritan_gel",0.1,1,10
"Janibacter","Copan",0.2,2,10
"Janibacter","Eswab",0.1,1,10
"Janibacter","Omni",0.2,2,10
"Janibacter","Puritan_buffer",0.3,3,10
"Janibacter","Puritan_gel",0.1,1,10
"Jeotgalicoccus","Copan",0.1,1,10
"Jeotgalicoccus","Eswab",0,0,10
"Jeotgalicoccus","Omni",0.1,1,10
"Jeotgalicoccus","Puritan_buffer",0,0,10
"Jeotgalicoccus","Puritan_gel",0,0,10
"Jiangella","Copan",0,0,10
"Jiangella","Eswab",0,0,10
"Jiangella","Omni",0,0,10
"Jiangella","Puritan_buffer",0.1,1,10
"Jiangella","Puritan_gel",0,0,10
"Knoellia","Copan",0,0,10
"Knoellia","Eswab",0.1,1,10
"Knoellia","Omni",0,0,10
"Knoellia","Puritan_buffer",0.1,1,10
"Knoellia","Puritan_gel",0.1,1,10
"Kocuria","Copan",0.5,5,10
"Kocuria","Eswab",0.6,6,10
"Kocuria","Omni",0.3,3,10
"Kocuria","Puritan_buffer",0.3,3,10
"Kocuria","Puritan_gel",0.3,3,10
"Kozakia","Copan",0,0,10
"Kozakia","Eswab",0,0,10
"Kozakia","Omni",0.1,1,10
"Kozakia","Puritan_buffer",0,0,10
"Kozakia","Puritan_gel",0,0,10
"Kytococcus","Copan",0,0,10
"Kytococcus","Eswab",0,0,10
"Kytococcus","Omni",0,0,10
"Kytococcus","Puritan_buffer",0.1,1,10
"Kytococcus","Puritan_gel",0,0,10
"LWQ8","Copan",0,0,10
"LWQ8","Eswab",0.1,1,10
"LWQ8","Omni",0.1,1,10
"LWQ8","Puritan_buffer",0.2,2,10
"LWQ8","Puritan_gel",0,0,10
"Lachnoanaerobaculum","Copan",0.1,1,10
"Lachnoanaerobaculum","Eswab",0,0,10
"Lachnoanaerobaculum","Omni",0,0,10
"Lachnoanaerobaculum","Puritan_buffer",0,0,10
"Lachnoanaerobaculum","Puritan_gel",0.2,2,10
"Lachnospiraceae_NK4A136_group","Copan",0.1,1,10
"Lachnospiraceae_NK4A136_group","Eswab",0,0,10
"Lachnospiraceae_NK4A136_group","Omni",0.1,1,10
"Lachnospiraceae_NK4A136_group","Puritan_buffer",0.2,2,10
"Lachnospiraceae_NK4A136_group","Puritan_gel",0.1,1,10
"Lachnospiraceae_f","Copan",0.2,2,10
"Lachnospiraceae_f","Eswab",0,0,10
"Lachnospiraceae_f","Omni",0.1,1,10
"Lachnospiraceae_f","Puritan_buffer",0,0,10
"Lachnospiraceae_f","Puritan_gel",0.1,1,10
"Lacibacter","Copan",0,0,10
"Lacibacter","Eswab",0,0,10
"Lacibacter","Omni",0,0,10
"Lacibacter","Puritan_buffer",0,0,10
"Lacibacter","Puritan_gel",0.1,1,10
"Lacticaseibacillus","Copan",0,0,10
"Lacticaseibacillus","Eswab",0,0,10
"Lacticaseibacillus","Omni",0.1,1,10
"Lacticaseibacillus","Puritan_buffer",0,0,10
"Lacticaseibacillus","Puritan_gel",0,0,10
"Lactobacillaceae_f","Copan",0.1,1,10
"Lactobacillaceae_f","Eswab",0,0,10
"Lactobacillaceae_f","Omni",0,0,10
"Lactobacillaceae_f","Puritan_buffer",0,0,10
"Lactobacillaceae_f","Puritan_gel",0,0,10
"Lactobacillales_o","Copan",0.1,1,10
"Lactobacillales_o","Eswab",0,0,10
"Lactobacillales_o","Omni",0.3,3,10
"Lactobacillales_o","Puritan_buffer",0,0,10
"Lactobacillales_o","Puritan_gel",0,0,10
"Lactococcus","Copan",0.1,1,10
"Lactococcus","Eswab",0.1,1,10
"Lactococcus","Omni",0.1,1,10
"Lactococcus","Puritan_buffer",0.1,1,10
"Lactococcus","Puritan_gel",0,0,10
"Lautropia","Copan",0.3,3,10
"Lautropia","Eswab",0,0,10
"Lautropia","Omni",0.1,1,10
"Lautropia","Puritan_buffer",0,0,10
"Lautropia","Puritan_gel",0.3,3,10
"Lawsonella","Copan",0.9,9,10
"Lawsonella","Eswab",0.8,8,10
"Lawsonella","Omni",0.8,8,10
"Lawsonella","Puritan_buffer",0.7,7,10
"Lawsonella","Puritan_gel",0.7,7,10
"Lechevalieria","Copan",0,0,10
"Lechevalieria","Eswab",0,0,10
"Lechevalieria","Omni",0.1,1,10
"Lechevalieria","Puritan_buffer",0,0,10
"Lechevalieria","Puritan_gel",0,0,10
"Legionella","Copan",0.2,2,10
"Legionella","Eswab",0,0,10
"Legionella","Omni",0.2,2,10
"Legionella","Puritan_buffer",0.1,1,10
"Legionella","Puritan_gel",0,0,10
"Leptotrichia","Copan",0.1,1,10
"Leptotrichia","Eswab",0,0,10
"Leptotrichia","Omni",0,0,10
"Leptotrichia","Puritan_buffer",0,0,10
"Leptotrichia","Puritan_gel",0,0,10
"Leucobacter","Copan",0.2,2,10
"Leucobacter","Eswab",0,0,10
"Leucobacter","Omni",0,0,10
"Leucobacter","Puritan_buffer",0,0,10
"Leucobacter","Puritan_gel",0,0,10
"Leuconostoc","Copan",0.1,1,10
"Leuconostoc","Eswab",0.1,1,10
"Leuconostoc","Omni",0,0,10
"Leuconostoc","Puritan_buffer",0,0,10
"Leuconostoc","Puritan_gel",0.1,1,10
"Limosilactobacillus","Copan",0,0,10
"Limosilactobacillus","Eswab",0,0,10
"Limosilactobacillus","Omni",0.1,1,10
"Limosilactobacillus","Puritan_buffer",0,0,10
"Limosilactobacillus","Puritan_gel",0,0,10
"Luteimonas","Copan",0,0,10
"Luteimonas","Eswab",0,0,10
"Luteimonas","Omni",0.2,2,10
"Luteimonas","Puritan_buffer",0.1,1,10
"Luteimonas","Puritan_gel",0.2,2,10
"Lysinibacillus","Copan",0,0,10
"Lysinibacillus","Eswab",0.1,1,10
"Lysinibacillus","Omni",0,0,10
"Lysinibacillus","Puritan_buffer",0,0,10
"Lysinibacillus","Puritan_gel",0,0,10
"Lysobacter","Copan",0,0,10
"Lysobacter","Eswab",0,0,10
"Lysobacter","Omni",0.1,1,10
"Lysobacter","Puritan_buffer",0.1,1,10
"Lysobacter","Puritan_gel",0,0,10
"MN_122.2a","Copan",0,0,10
"MN_122.2a","Eswab",0,0,10
"MN_122.2a","Omni",0.1,1,10
"MN_122.2a","Puritan_buffer",0,0,10
"MN_122.2a","Puritan_gel",0,0,10
"Marinilactibacillus","Copan",0,0,10
"Marinilactibacillus","Eswab",0,0,10
"Marinilactibacillus","Omni",0,0,10
"Marinilactibacillus","Puritan_buffer",0.1,1,10
"Marinilactibacillus","Puritan_gel",0,0,10
"Marinilutecoccus","Copan",0.1,1,10
"Marinilutecoccus","Eswab",0.2,2,10
"Marinilutecoccus","Omni",0.2,2,10
"Marinilutecoccus","Puritan_buffer",0.2,2,10
"Marinilutecoccus","Puritan_gel",0,0,10
"Marmoricola","Copan",0.1,1,10
"Marmoricola","Eswab",0,0,10
"Marmoricola","Omni",0,0,10
"Marmoricola","Puritan_buffer",0,0,10
"Marmoricola","Puritan_gel",0.2,2,10
"Massilia","Copan",0.3,3,10
"Massilia","Eswab",0.1,1,10
"Massilia","Omni",0.3,3,10
"Massilia","Puritan_buffer",0.1,1,10
"Massilia","Puritan_gel",0.4,4,10
"Methylobacterium-Methylorubrum","Copan",0.4,4,10
"Methylobacterium-Methylorubrum","Eswab",0.7,7,10
"Methylobacterium-Methylorubrum","Omni",0.5,5,10
"Methylobacterium-Methylorubrum","Puritan_buffer",0.5,5,10
"Methylobacterium-Methylorubrum","Puritan_gel",0.5,5,10
"Methylomonas","Copan",0,0,10
"Methylomonas","Eswab",0.1,1,10
"Methylomonas","Omni",0,0,10
"Methylomonas","Puritan_buffer",0,0,10
"Methylomonas","Puritan_gel",0,0,10
"Methylophilus","Copan",0,0,10
"Methylophilus","Eswab",0,0,10
"Methylophilus","Omni",0,0,10
"Methylophilus","Puritan_buffer",0.1,1,10
"Methylophilus","Puritan_gel",0,0,10
"Methyloversatilis","Copan",0.1,1,10
"Methyloversatilis","Eswab",0.1,1,10
"Methyloversatilis","Omni",0.1,1,10
"Methyloversatilis","Puritan_buffer",0,0,10
"Methyloversatilis","Puritan_gel",0,0,10
"Microbacteriaceae_f","Copan",0.2,2,10
"Microbacteriaceae_f","Eswab",0.3,3,10
"Microbacteriaceae_f","Omni",0.3,3,10
"Microbacteriaceae_f","Puritan_buffer",0.1,1,10
"Microbacteriaceae_f","Puritan_gel",0.2,2,10
"Microbacterium","Copan",0.2,2,10
"Microbacterium","Eswab",0.2,2,10
"Microbacterium","Omni",0.3,3,10
"Microbacterium","Puritan_buffer",0.3,3,10
"Microbacterium","Puritan_gel",0.2,2,10
"Micrococcus","Copan",0.2,2,10
"Micrococcus","Eswab",0.2,2,10
"Micrococcus","Omni",0.2,2,10
"Micrococcus","Puritan_buffer",0.3,3,10
"Micrococcus","Puritan_gel",0.3,3,10
"Microlunatus","Copan",0,0,10
"Microlunatus","Eswab",0.1,1,10
"Microlunatus","Omni",0.1,1,10
"Microlunatus","Puritan_buffer",0,0,10
"Microlunatus","Puritan_gel",0,0,10
"Micromonosporaceae_f","Copan",0,0,10
"Micromonosporaceae_f","Eswab",0,0,10
"Micromonosporaceae_f","Omni",0.1,1,10
"Micromonosporaceae_f","Puritan_buffer",0,0,10
"Micromonosporaceae_f","Puritan_gel",0.1,1,10
"Micropruina","Copan",0,0,10
"Micropruina","Eswab",0,0,10
"Micropruina","Omni",0.1,1,10
"Micropruina","Puritan_buffer",0.1,1,10
"Micropruina","Puritan_gel",0,0,10
"Microtrichales_o","Copan",0,0,10
"Microtrichales_o","Eswab",0.1,1,10
"Microtrichales_o","Omni",0.1,1,10
"Microtrichales_o","Puritan_buffer",0,0,10
"Microtrichales_o","Puritan_gel",0,0,10
"Microvirga","Copan",0.2,2,10
"Microvirga","Eswab",0.3,3,10
"Microvirga","Omni",0.1,1,10
"Microvirga","Puritan_buffer",0.2,2,10
"Microvirga","Puritan_gel",0.2,2,10
"Millisia","Copan",0,0,10
"Millisia","Eswab",0.1,1,10
"Millisia","Omni",0,0,10
"Millisia","Puritan_buffer",0,0,10
"Millisia","Puritan_gel",0,0,10
"Mobilicoccus","Copan",0.1,1,10
"Mobilicoccus","Eswab",0,0,10
"Mobilicoccus","Omni",0,0,10
"Mobilicoccus","Puritan_buffer",0,0,10
"Mobilicoccus","Puritan_gel",0,0,10
"Mobiluncus","Copan",0,0,10
"Mobiluncus","Eswab",0,0,10
"Mobiluncus","Omni",0,0,10
"Mobiluncus","Puritan_buffer",0.1,1,10
"Mobiluncus","Puritan_gel",0,0,10
"Mogibacterium","Copan",0.2,2,10
"Mogibacterium","Eswab",0.3,3,10
"Mogibacterium","Omni",0.1,1,10
"Mogibacterium","Puritan_buffer",0.4,4,10
"Mogibacterium","Puritan_gel",0.2,2,10
"Muribaculaceae","Copan",0.3,3,10
"Muribaculaceae","Eswab",0.1,1,10
"Muribaculaceae","Omni",0,0,10
"Muribaculaceae","Puritan_buffer",0.2,2,10
"Muribaculaceae","Puritan_gel",0.1,1,10
"Muricoccus","Copan",0.1,1,10
"Muricoccus","Eswab",0,0,10
"Muricoccus","Omni",0,0,10
"Muricoccus","Puritan_buffer",0,0,10
"Muricoccus","Puritan_gel",0.1,1,10
"Mycobacterium","Copan",0.3,3,10
"Mycobacterium","Eswab",0.4,4,10
"Mycobacterium","Omni",0.2,2,10
"Mycobacterium","Puritan_buffer",0.2,2,10
"Mycobacterium","Puritan_gel",0.3,3,10
"Myxococcaceae_f","Copan",0,0,10
"Myxococcaceae_f","Eswab",0,0,10
"Myxococcaceae_f","Omni",0,0,10
"Myxococcaceae_f","Puritan_buffer",0,0,10
"Myxococcaceae_f","Puritan_gel",0.1,1,10
"Nakamurella","Copan",0.1,1,10
"Nakamurella","Eswab",0,0,10
"Nakamurella","Omni",0.2,2,10
"Nakamurella","Puritan_buffer",0.1,1,10
"Nakamurella","Puritan_gel",0.2,2,10
"Naumannella","Copan",0,0,10
"Naumannella","Eswab",0.1,1,10
"Naumannella","Omni",0,0,10
"Naumannella","Puritan_buffer",0,0,10
"Naumannella","Puritan_gel",0,0,10
"Neisseria","Copan",0.1,1,10
"Neisseria","Eswab",0.1,1,10
"Neisseria","Omni",0,0,10
"Neisseria","Puritan_buffer",0.2,2,10
"Neisseria","Puritan_gel",0.1,1,10
"Neisseriaceae_f","Copan",0.5,5,10
"Neisseriaceae_f","Eswab",0.2,2,10
"Neisseriaceae_f","Omni",0.2,2,10
"Neisseriaceae_f","Puritan_buffer",0.3,3,10
"Neisseriaceae_f","Puritan_gel",0.3,3,10
"Nevskia","Copan",0,0,10
"Nevskia","Eswab",0,0,10
"Nevskia","Omni",0,0,10
"Nevskia","Puritan_buffer",0,0,10
"Nevskia","Puritan_gel",0.1,1,10
"Nocardia","Copan",0,0,10
"Nocardia","Eswab",0,0,10
"Nocardia","Omni",0,0,10
"Nocardia","Puritan_buffer",0,0,10
"Nocardia","Puritan_gel",0.1,1,10
"Nocardioides","Copan",0.1,1,10
"Nocardioides","Eswab",0,0,10
"Nocardioides","Omni",0,0,10
"Nocardioides","Puritan_buffer",0,0,10
"Nocardioides","Puritan_gel",0,0,10
"Nocardiopsis","Copan",0,0,10
"Nocardiopsis","Eswab",0,0,10
"Nocardiopsis","Omni",0,0,10
"Nocardiopsis","Puritan_buffer",0.1,1,10
"Nocardiopsis","Puritan_gel",0,0,10
"Nodosilinea_PCC-7104","Copan",0.1,1,10
"Nodosilinea_PCC-7104","Eswab",0,0,10
"Nodosilinea_PCC-7104","Omni",0,0,10
"Nodosilinea_PCC-7104","Puritan_buffer",0,0,10
"Nodosilinea_PCC-7104","Puritan_gel",0,0,10
"Nordella","Copan",0,0,10
"Nordella","Eswab",0,0,10
"Nordella","Omni",0.1,1,10
"Nordella","Puritan_buffer",0,0,10
"Nordella","Puritan_gel",0.1,1,10
"Novosphingobium","Copan",0.1,1,10
"Novosphingobium","Eswab",0.1,1,10
"Novosphingobium","Omni",0.2,2,10
"Novosphingobium","Puritan_buffer",0.3,3,10
"Novosphingobium","Puritan_gel",0,0,10
"Nubsella","Copan",0,0,10
"Nubsella","Eswab",0,0,10
"Nubsella","Omni",0.1,1,10
"Nubsella","Puritan_buffer",0,0,10
"Nubsella","Puritan_gel",0,0,10
"Oligoflexaceae_f","Copan",0,0,10
"Oligoflexaceae_f","Eswab",0,0,10
"Oligoflexaceae_f","Omni",0,0,10
"Oligoflexaceae_f","Puritan_buffer",0.1,1,10
"Oligoflexaceae_f","Puritan_gel",0,0,10
"Olsenella","Copan",0,0,10
"Olsenella","Eswab",0,0,10
"Olsenella","Omni",0.1,1,10
"Olsenella","Puritan_buffer",0.1,1,10
"Olsenella","Puritan_gel",0,0,10
"Oribacterium","Copan",0,0,10
"Oribacterium","Eswab",0.3,3,10
"Oribacterium","Omni",0.3,3,10
"Oribacterium","Puritan_buffer",0,0,10
"Oribacterium","Puritan_gel",0.1,1,10
"Ornithinicoccus","Copan",0,0,10
"Ornithinicoccus","Eswab",0.1,1,10
"Ornithinicoccus","Omni",0,0,10
"Ornithinicoccus","Puritan_buffer",0,0,10
"Ornithinicoccus","Puritan_gel",0,0,10
"Ornithinimicrobium","Copan",0,0,10
"Ornithinimicrobium","Eswab",0.2,2,10
"Ornithinimicrobium","Omni",0,0,10
"Ornithinimicrobium","Puritan_buffer",0,0,10
"Ornithinimicrobium","Puritan_gel",0,0,10
"Oscillibacter","Copan",0.1,1,10
"Oscillibacter","Eswab",0,0,10
"Oscillibacter","Omni",0,0,10
"Oscillibacter","Puritan_buffer",0,0,10
"Oscillibacter","Puritan_gel",0,0,10
"Oscillospiraceae_f","Copan",0.1,1,10
"Oscillospiraceae_f","Eswab",0,0,10
"Oscillospiraceae_f","Omni",0,0,10
"Oscillospiraceae_f","Puritan_buffer",0.1,1,10
"Oscillospiraceae_f","Puritan_gel",0,0,10
"Ottowia","Copan",0,0,10
"Ottowia","Eswab",0,0,10
"Ottowia","Omni",0.1,1,10
"Ottowia","Puritan_buffer",0,0,10
"Ottowia","Puritan_gel",0.1,1,10
"P5D1-392","Copan",0.5,5,10
"P5D1-392","Eswab",0.5,5,10
"P5D1-392","Omni",0.5,5,10
"P5D1-392","Puritan_buffer",0.3,3,10
"P5D1-392","Puritan_gel",0.4,4,10
"Paenibacillus","Copan",0,0,10
"Paenibacillus","Eswab",0.1,1,10
"Paenibacillus","Omni",0,0,10
"Paenibacillus","Puritan_buffer",0,0,10
"Paenibacillus","Puritan_gel",0,0,10
"Paeniclostridium","Copan",0.1,1,10
"Paeniclostridium","Eswab",0,0,10
"Paeniclostridium","Omni",0,0,10
"Paeniclostridium","Puritan_buffer",0,0,10
"Paeniclostridium","Puritan_gel",0,0,10
"Paludisphaera","Copan",0,0,10
"Paludisphaera","Eswab",0,0,10
"Paludisphaera","Omni",0,0,10
"Paludisphaera","Puritan_buffer",0.1,1,10
"Paludisphaera","Puritan_gel",0,0,10
"Pantoea","Copan",0,0,10
"Pantoea","Eswab",0.1,1,10
"Pantoea","Omni",0,0,10
"Pantoea","Puritan_buffer",0,0,10
"Pantoea","Puritan_gel",0,0,10
"Paracoccus","Copan",0.3,3,10
"Paracoccus","Eswab",0.8,8,10
"Paracoccus","Omni",0.6,6,10
"Paracoccus","Puritan_buffer",0.5,5,10
"Paracoccus","Puritan_gel",0.5,5,10
"Parvimonas","Copan",0.2,2,10
"Parvimonas","Eswab",0.2,2,10
"Parvimonas","Omni",0.2,2,10
"Parvimonas","Puritan_buffer",0.1,1,10
"Parvimonas","Puritan_gel",0.1,1,10
"Parviterribacter","Copan",0.2,2,10
"Parviterribacter","Eswab",0.1,1,10
"Parviterribacter","Omni",0.1,1,10
"Parviterribacter","Puritan_buffer",0.1,1,10
"Parviterribacter","Puritan_gel",0.1,1,10
"Patulibacter","Copan",0,0,10
"Patulibacter","Eswab",0.1,1,10
"Patulibacter","Omni",0,0,10
"Patulibacter","Puritan_buffer",0,0,10
"Patulibacter","Puritan_gel",0,0,10
"Pedobacter","Copan",0,0,10
"Pedobacter","Eswab",0,0,10
"Pedobacter","Omni",0.1,1,10
"Pedobacter","Puritan_buffer",0.1,1,10
"Pedobacter","Puritan_gel",0,0,10
"Pedomicrobium","Copan",0.1,1,10
"Pedomicrobium","Eswab",0,0,10
"Pedomicrobium","Omni",0.1,1,10
"Pedomicrobium","Puritan_buffer",0.2,2,10
"Pedomicrobium","Puritan_gel",0.1,1,10
"Pelomonas","Copan",0,0,10
"Pelomonas","Eswab",0,0,10
"Pelomonas","Omni",0,0,10
"Pelomonas","Puritan_buffer",0.1,1,10
"Pelomonas","Puritan_gel",0,0,10
"Peptoniphilus","Copan",0.6,6,10
"Peptoniphilus","Eswab",0.3,3,10
"Peptoniphilus","Omni",0.4,4,10
"Peptoniphilus","Puritan_buffer",0.5,5,10
"Peptoniphilus","Puritan_gel",0.5,5,10
"Peptostreptococcaceae_f","Copan",0,0,10
"Peptostreptococcaceae_f","Eswab",0,0,10
"Peptostreptococcaceae_f","Omni",0,0,10
"Peptostreptococcaceae_f","Puritan_buffer",0.1,1,10
"Peptostreptococcaceae_f","Puritan_gel",0,0,10
"Peptostreptococcus","Copan",0.1,1,10
"Peptostreptococcus","Eswab",0.2,2,10
"Peptostreptococcus","Omni",0.1,1,10
"Peptostreptococcus","Puritan_buffer",0.1,1,10
"Peptostreptococcus","Puritan_gel",0,0,10
"Phenylobacterium","Copan",0.1,1,10
"Phenylobacterium","Eswab",0.1,1,10
"Phenylobacterium","Omni",0,0,10
"Phenylobacterium","Puritan_buffer",0.1,1,10
"Phenylobacterium","Puritan_gel",0.1,1,10
"Phreatobacter","Copan",0.1,1,10
"Phreatobacter","Eswab",0,0,10
"Phreatobacter","Omni",0.1,1,10
"Phreatobacter","Puritan_buffer",0,0,10
"Phreatobacter","Puritan_gel",0,0,10
"Pir4_lineage","Copan",0,0,10
"Pir4_lineage","Eswab",0,0,10
"Pir4_lineage","Omni",0.1,1,10
"Pir4_lineage","Puritan_buffer",0.1,1,10
"Pir4_lineage","Puritan_gel",0,0,10
"Pirellula","Copan",0,0,10
"Pirellula","Eswab",0,0,10
"Pirellula","Omni",0.1,1,10
"Pirellula","Puritan_buffer",0,0,10
"Pirellula","Puritan_gel",0,0,10
"Pirellulaceae_f","Copan",0,0,10
"Pirellulaceae_f","Eswab",0,0,10
"Pirellulaceae_f","Omni",0,0,10
"Pirellulaceae_f","Puritan_buffer",0.1,1,10
"Pirellulaceae_f","Puritan_gel",0,0,10
"Piscicoccus","Copan",0.2,2,10
"Piscicoccus","Eswab",0.1,1,10
"Piscicoccus","Omni",0.2,2,10
"Piscicoccus","Puritan_buffer",0.1,1,10
"Piscicoccus","Puritan_gel",0.2,2,10
"Planctomicrobium","Copan",0,0,10
"Planctomicrobium","Eswab",0,0,10
"Planctomicrobium","Omni",0,0,10
"Planctomicrobium","Puritan_buffer",0,0,10
"Planctomicrobium","Puritan_gel",0.1,1,10
"Planctomycetales_o","Copan",0.1,1,10
"Planctomycetales_o","Eswab",0,0,10
"Planctomycetales_o","Omni",0,0,10
"Planctomycetales_o","Puritan_buffer",0,0,10
"Planctomycetales_o","Puritan_gel",0,0,10
"Planctomycetes_c","Copan",0,0,10
"Planctomycetes_c","Eswab",0,0,10
"Planctomycetes_c","Omni",0.1,1,10
"Planctomycetes_c","Puritan_buffer",0,0,10
"Planctomycetes_c","Puritan_gel",0.1,1,10
"Planococcaceae_f","Copan",0.2,2,10
"Planococcaceae_f","Eswab",0,0,10
"Planococcaceae_f","Omni",0,0,10
"Planococcaceae_f","Puritan_buffer",0,0,10
"Planococcaceae_f","Puritan_gel",0,0,10
"Plantibacter","Copan",0,0,10
"Plantibacter","Eswab",0,0,10
"Plantibacter","Omni",0,0,10
"Plantibacter","Puritan_buffer",0.1,1,10
"Plantibacter","Puritan_gel",0,0,10
"Pleomorphomonas","Copan",0,0,10
"Pleomorphomonas","Eswab",0,0,10
"Pleomorphomonas","Omni",0,0,10
"Pleomorphomonas","Puritan_buffer",0,0,10
"Pleomorphomonas","Puritan_gel",0.1,1,10
"Pleurocapsa_PCC-7319","Copan",0,0,10
"Pleurocapsa_PCC-7319","Eswab",0,0,10
"Pleurocapsa_PCC-7319","Omni",0.1,1,10
"Pleurocapsa_PCC-7319","Puritan_buffer",0.1,1,10
"Pleurocapsa_PCC-7319","Puritan_gel",0,0,10
"Porphyromonas","Copan",0.2,2,10
"Porphyromonas","Eswab",0,0,10
"Porphyromonas","Omni",0,0,10
"Porphyromonas","Puritan_buffer",0,0,10
"Porphyromonas","Puritan_gel",0.1,1,10
"Prevotella","Copan",0.1,1,10
"Prevotella","Eswab",0.1,1,10
"Prevotella","Omni",0.2,2,10
"Prevotella","Puritan_buffer",0,0,10
"Prevotella","Puritan_gel",0.2,2,10
"Prevotella_7","Copan",0.2,2,10
"Prevotella_7","Eswab",0,0,10
"Prevotella_7","Omni",0,0,10
"Prevotella_7","Puritan_buffer",0,0,10
"Prevotella_7","Puritan_gel",0,0,10
"Prevotellaceae_UCG-001","Copan",0,0,10
"Prevotellaceae_UCG-001","Eswab",0,0,10
"Prevotellaceae_UCG-001","Omni",0.1,1,10
"Prevotellaceae_UCG-001","Puritan_buffer",0,0,10
"Prevotellaceae_UCG-001","Puritan_gel",0,0,10
"Prevotellaceae_f","Copan",0.2,2,10
"Prevotellaceae_f","Eswab",0,0,10
"Prevotellaceae_f","Omni",0.1,1,10
"Prevotellaceae_f","Puritan_buffer",0.5,5,10
"Prevotellaceae_f","Puritan_gel",0.2,2,10
"Promicromonospora","Copan",0,0,10
"Promicromonospora","Eswab",0,0,10
"Promicromonospora","Omni",0,0,10
"Promicromonospora","Puritan_buffer",0.1,1,10
"Promicromonospora","Puritan_gel",0,0,10
"Propionibacteriaceae_f","Copan",0.4,4,10
"Propionibacteriaceae_f","Eswab",0.5,5,10
"Propionibacteriaceae_f","Omni",0.5,5,10
"Propionibacteriaceae_f","Puritan_buffer",0.6,6,10
"Propionibacteriaceae_f","Puritan_gel",0.4,4,10
"Propionibacterium","Copan",0,0,10
"Propionibacterium","Eswab",0,0,10
"Propionibacterium","Omni",0,0,10
"Propionibacterium","Puritan_buffer",0,0,10
"Propionibacterium","Puritan_gel",0.1,1,10
"Propioniciclava","Copan",0,0,10
"Propioniciclava","Eswab",0,0,10
"Propioniciclava","Omni",0.1,1,10
"Propioniciclava","Puritan_buffer",0,0,10
"Propioniciclava","Puritan_gel",0,0,10
"Proteocatella","Copan",0,0,10
"Proteocatella","Eswab",0,0,10
"Proteocatella","Omni",0,0,10
"Proteocatella","Puritan_buffer",0,0,10
"Proteocatella","Puritan_gel",0.1,1,10
"Pseudaminobacter","Copan",0,0,10
"Pseudaminobacter","Eswab",0,0,10
"Pseudaminobacter","Omni",0,0,10
"Pseudaminobacter","Puritan_buffer",0,0,10
"Pseudaminobacter","Puritan_gel",0.1,1,10
"Pseudoclavibacter","Copan",0.1,1,10
"Pseudoclavibacter","Eswab",0.3,3,10
"Pseudoclavibacter","Omni",0.2,2,10
"Pseudoclavibacter","Puritan_buffer",0.2,2,10
"Pseudoclavibacter","Puritan_gel",0.2,2,10
"Pseudomonas","Copan",0.3,3,10
"Pseudomonas","Eswab",0,0,10
"Pseudomonas","Omni",0.2,2,10
"Pseudomonas","Puritan_buffer",0.2,2,10
"Pseudomonas","Puritan_gel",0.4,4,10
"Pseudonocardia","Copan",0.1,1,10
"Pseudonocardia","Eswab",0.1,1,10
"Pseudonocardia","Omni",0.2,2,10
"Pseudonocardia","Puritan_buffer",0.2,2,10
"Pseudonocardia","Puritan_gel",0.2,2,10
"Pseudopropionibacterium","Copan",0,0,10
"Pseudopropionibacterium","Eswab",0.1,1,10
"Pseudopropionibacterium","Omni",0,0,10
"Pseudopropionibacterium","Puritan_buffer",0,0,10
"Pseudopropionibacterium","Puritan_gel",0,0,10
"Pseudorhodoplanes","Copan",0.1,1,10
"Pseudorhodoplanes","Eswab",0,0,10
"Pseudorhodoplanes","Omni",0,0,10
"Pseudorhodoplanes","Puritan_buffer",0,0,10
"Pseudorhodoplanes","Puritan_gel",0.1,1,10
"Pseudoxanthomonas","Copan",0,0,10
"Pseudoxanthomonas","Eswab",0,0,10
"Pseudoxanthomonas","Omni",0,0,10
"Pseudoxanthomonas","Puritan_buffer",0,0,10
"Pseudoxanthomonas","Puritan_gel",0.1,1,10
"Psychroglaciecola","Copan",0,0,10
"Psychroglaciecola","Eswab",0.1,1,10
"Psychroglaciecola","Omni",0.2,2,10
"Psychroglaciecola","Puritan_buffer",0,0,10
"Psychroglaciecola","Puritan_gel",0,0,10
"Qipengyuania","Copan",0,0,10
"Qipengyuania","Eswab",0.1,1,10
"Qipengyuania","Omni",0.1,1,10
"Qipengyuania","Puritan_buffer",0.1,1,10
"Qipengyuania","Puritan_gel",0.2,2,10
"Ralstonia","Copan",0,0,10
"Ralstonia","Eswab",0.1,1,10
"Ralstonia","Omni",0,0,10
"Ralstonia","Puritan_buffer",0.1,1,10
"Ralstonia","Puritan_gel",0.1,1,10
"Raoultella","Copan",0,0,10
"Raoultella","Eswab",0,0,10
"Raoultella","Omni",0,0,10
"Raoultella","Puritan_buffer",0,0,10
"Raoultella","Puritan_gel",0.1,1,10
"Reyranella","Copan",0,0,10
"Reyranella","Eswab",0,0,10
"Reyranella","Omni",0,0,10
"Reyranella","Puritan_buffer",0.2,2,10
"Reyranella","Puritan_gel",0,0,10
"Rhizobiaceae_f","Copan",0.1,1,10
"Rhizobiaceae_f","Eswab",0.3,3,10
"Rhizobiaceae_f","Omni",0.3,3,10
"Rhizobiaceae_f","Puritan_buffer",0.2,2,10
"Rhizobiaceae_f","Puritan_gel",0.1,1,10
"Rhizorhapis","Copan",0,0,10
"Rhizorhapis","Eswab",0,0,10
"Rhizorhapis","Omni",0,0,10
"Rhizorhapis","Puritan_buffer",0,0,10
"Rhizorhapis","Puritan_gel",0.1,1,10
"Rhodobacteraceae_f","Copan",0,0,10
"Rhodobacteraceae_f","Eswab",0.1,1,10
"Rhodobacteraceae_f","Omni",0,0,10
"Rhodobacteraceae_f","Puritan_buffer",0,0,10
"Rhodobacteraceae_f","Puritan_gel",0,0,10
"Rhodococcus","Copan",0.2,2,10
"Rhodococcus","Eswab",0.4,4,10
"Rhodococcus","Omni",0.3,3,10
"Rhodococcus","Puritan_buffer",0.3,3,10
"Rhodococcus","Puritan_gel",0.3,3,10
"Rhodopseudomonas","Copan",0,0,10
"Rhodopseudomonas","Eswab",0,0,10
"Rhodopseudomonas","Omni",0.1,1,10
"Rhodopseudomonas","Puritan_buffer",0.1,1,10
"Rhodopseudomonas","Puritan_gel",0,0,10
"Rhodovarius","Copan",0,0,10
"Rhodovarius","Eswab",0.1,1,10
"Rhodovarius","Omni",0,0,10
"Rhodovarius","Puritan_buffer",0,0,10
"Rhodovarius","Puritan_gel",0,0,10
"Rickettsia","Copan",0,0,10
"Rickettsia","Eswab",0,0,10
"Rickettsia","Omni",0.1,1,10
"Rickettsia","Puritan_buffer",0,0,10
"Rickettsia","Puritan_gel",0,0,10
"Rickettsiella","Copan",0.1,1,10
"Rickettsiella","Eswab",0,0,10
"Rickettsiella","Omni",0,0,10
"Rickettsiella","Puritan_buffer",0.1,1,10
"Rickettsiella","Puritan_gel",0.1,1,10
"Rikenellaceae_RC9_gut_group","Copan",0,0,10
"Rikenellaceae_RC9_gut_group","Eswab",0,0,10
"Rikenellaceae_RC9_gut_group","Omni",0.1,1,10
"Rikenellaceae_RC9_gut_group","Puritan_buffer",0,0,10
"Rikenellaceae_RC9_gut_group","Puritan_gel",0,0,10
"Romboutsia","Copan",0,0,10
"Romboutsia","Eswab",0,0,10
"Romboutsia","Omni",0.1,1,10
"Romboutsia","Puritan_buffer",0.2,2,10
"Romboutsia","Puritan_gel",0.1,1,10
"Roseomonas","Copan",0.2,2,10
"Roseomonas","Eswab",0.3,3,10
"Roseomonas","Omni",0.2,2,10
"Roseomonas","Puritan_buffer",0.3,3,10
"Roseomonas","Puritan_gel",0.1,1,10
"Rothia","Copan",0.8,8,10
"Rothia","Eswab",0.7,7,10
"Rothia","Omni",0.6,6,10
"Rothia","Puritan_buffer",0.8,8,10
"Rothia","Puritan_gel",0.5,5,10
"Rubellimicrobium","Copan",0,0,10
"Rubellimicrobium","Eswab",0,0,10
"Rubellimicrobium","Omni",0.1,1,10
"Rubellimicrobium","Puritan_buffer",0,0,10
"Rubellimicrobium","Puritan_gel",0,0,10
"S5-A14a","Copan",0.2,2,10
"S5-A14a","Eswab",0,0,10
"S5-A14a","Omni",0,0,10
"S5-A14a","Puritan_buffer",0.1,1,10
"S5-A14a","Puritan_gel",0,0,10
"SH-PL14","Copan",0.1,1,10
"SH-PL14","Eswab",0,0,10
"SH-PL14","Omni",0,0,10
"SH-PL14","Puritan_buffer",0,0,10
"SH-PL14","Puritan_gel",0,0,10
"SM1A02","Copan",0,0,10
"SM1A02","Eswab",0,0,10
"SM1A02","Omni",0,0,10
"SM1A02","Puritan_buffer",0,0,10
"SM1A02","Puritan_gel",0.1,1,10
"SN8","Copan",0,0,10
"SN8","Eswab",0,0,10
"SN8","Omni",0,0,10
"SN8","Puritan_buffer",0,0,10
"SN8","Puritan_gel",0.1,1,10
"Saccharimonadaceae","Copan",0.1,1,10
"Saccharimonadaceae","Eswab",0.2,2,10
"Saccharimonadaceae","Omni",0.1,1,10
"Saccharimonadaceae","Puritan_buffer",0.1,1,10
"Saccharimonadaceae","Puritan_gel",0,0,10
"Saccharimonadaceae_f","Copan",0,0,10
"Saccharimonadaceae_f","Eswab",0,0,10
"Saccharimonadaceae_f","Omni",0,0,10
"Saccharimonadaceae_f","Puritan_buffer",0,0,10
"Saccharimonadaceae_f","Puritan_gel",0.1,1,10
"Saccharimonadales","Copan",0.1,1,10
"Saccharimonadales","Eswab",0.2,2,10
"Saccharimonadales","Omni",0.2,2,10
"Saccharimonadales","Puritan_buffer",0.1,1,10
"Saccharimonadales","Puritan_gel",0.2,2,10
"Saccharimonadales_o","Copan",0.2,2,10
"Saccharimonadales_o","Eswab",0,0,10
"Saccharimonadales_o","Omni",0.3,3,10
"Saccharimonadales_o","Puritan_buffer",0.2,2,10
"Saccharimonadales_o","Puritan_gel",0,0,10
"Salinicoccus","Copan",0,0,10
"Salinicoccus","Eswab",0,0,10
"Salinicoccus","Omni",0,0,10
"Salinicoccus","Puritan_buffer",0.1,1,10
"Salinicoccus","Puritan_gel",0,0,10
"Scardovia","Copan",0,0,10
"Scardovia","Eswab",0.1,1,10
"Scardovia","Omni",0.1,1,10
"Scardovia","Puritan_buffer",0,0,10
"Scardovia","Puritan_gel",0,0,10
"Schlegelella","Copan",0,0,10
"Schlegelella","Eswab",0,0,10
"Schlegelella","Omni",0.1,1,10
"Schlegelella","Puritan_buffer",0,0,10
"Schlegelella","Puritan_gel",0.1,1,10
"Shinella","Copan",0.2,2,10
"Shinella","Eswab",0,0,10
"Shinella","Omni",0.3,3,10
"Shinella","Puritan_buffer",0.2,2,10
"Shinella","Puritan_gel",0.1,1,10
"Skermanella","Copan",0.1,1,10
"Skermanella","Eswab",0,0,10
"Skermanella","Omni",0.1,1,10
"Skermanella","Puritan_buffer",0,0,10
"Skermanella","Puritan_gel",0.1,1,10
"Solobacterium","Copan",0.2,2,10
"Solobacterium","Eswab",0.1,1,10
"Solobacterium","Omni",0.2,2,10
"Solobacterium","Puritan_buffer",0,0,10
"Solobacterium","Puritan_gel",0.1,1,10
"Sphingobacterium","Copan",0.2,2,10
"Sphingobacterium","Eswab",0,0,10
"Sphingobacterium","Omni",0,0,10
"Sphingobacterium","Puritan_buffer",0.1,1,10
"Sphingobacterium","Puritan_gel",0.1,1,10
"Sphingobium","Copan",0.1,1,10
"Sphingobium","Eswab",0.3,3,10
"Sphingobium","Omni",0.2,2,10
"Sphingobium","Puritan_buffer",0.2,2,10
"Sphingobium","Puritan_gel",0,0,10
"Sphingomonadaceae_f","Copan",0.3,3,10
"Sphingomonadaceae_f","Eswab",0.7,7,10
"Sphingomonadaceae_f","Omni",0.3,3,10
"Sphingomonadaceae_f","Puritan_buffer",0.2,2,10
"Sphingomonadaceae_f","Puritan_gel",0.2,2,10
"Sphingomonas","Copan",0.3,3,10
"Sphingomonas","Eswab",0.4,4,10
"Sphingomonas","Omni",0.3,3,10
"Sphingomonas","Puritan_buffer",0.2,2,10
"Sphingomonas","Puritan_gel",0.4,4,10
"Sphingopyxis","Copan",0,0,10
"Sphingopyxis","Eswab",0.1,1,10
"Sphingopyxis","Omni",0.1,1,10
"Sphingopyxis","Puritan_buffer",0,0,10
"Sphingopyxis","Puritan_gel",0.1,1,10
"Spirosoma","Copan",0,0,10
"Spirosoma","Eswab",0,0,10
"Spirosoma","Omni",0.1,1,10
"Spirosoma","Puritan_buffer",0,0,10
"Spirosoma","Puritan_gel",0,0,10
"Spirosomaceae_f","Copan",0,0,10
"Spirosomaceae_f","Eswab",0,0,10
"Spirosomaceae_f","Omni",0.1,1,10
"Spirosomaceae_f","Puritan_buffer",0,0,10
"Spirosomaceae_f","Puritan_gel",0,0,10
"Sporomusa","Copan",0,0,10
"Sporomusa","Eswab",0.1,1,10
"Sporomusa","Omni",0,0,10
"Sporomusa","Puritan_buffer",0,0,10
"Sporomusa","Puritan_gel",0,0,10
"Sporosarcina","Copan",0,0,10
"Sporosarcina","Eswab",0,0,10
"Sporosarcina","Omni",0.1,1,10
"Sporosarcina","Puritan_buffer",0.2,2,10
"Sporosarcina","Puritan_gel",0.2,2,10
"Staphylococcus","Copan",1,10,10
"Staphylococcus","Eswab",1,10,10
"Staphylococcus","Omni",1,10,10
"Staphylococcus","Puritan_buffer",1,10,10
"Staphylococcus","Puritan_gel",1,10,10
"Stenotrophomonas","Copan",0.1,1,10
"Stenotrophomonas","Eswab",0,0,10
"Stenotrophomonas","Omni",0.1,1,10
"Stenotrophomonas","Puritan_buffer",0.2,2,10
"Stenotrophomonas","Puritan_gel",0.2,2,10
"Stomatobaculum","Copan",0.1,1,10
"Stomatobaculum","Eswab",0,0,10
"Stomatobaculum","Omni",0,0,10
"Stomatobaculum","Puritan_buffer",0,0,10
"Stomatobaculum","Puritan_gel",0,0,10
"Streptococcus","Copan",0.9,9,10
"Streptococcus","Eswab",0.8,8,10
"Streptococcus","Omni",1,10,10
"Streptococcus","Puritan_buffer",0.9,9,10
"Streptococcus","Puritan_gel",0.8,8,10
"Streptomyces","Copan",0.1,1,10
"Streptomyces","Eswab",0.1,1,10
"Streptomyces","Omni",0,0,10
"Streptomyces","Puritan_buffer",0.1,1,10
"Streptomyces","Puritan_gel",0,0,10
"TM7a","Copan",0.2,2,10
"TM7a","Eswab",0.2,2,10
"TM7a","Omni",0.2,2,10
"TM7a","Puritan_buffer",0.2,2,10
"TM7a","Puritan_gel",0.2,2,10
"TM7x","Copan",0.1,1,10
"TM7x","Eswab",0,0,10
"TM7x","Omni",0,0,10
"TM7x","Puritan_buffer",0,0,10
"TM7x","Puritan_gel",0,0,10
"Taibaiella","Copan",0,0,10
"Taibaiella","Eswab",0,0,10
"Taibaiella","Omni",0,0,10
"Taibaiella","Puritan_buffer",0.1,1,10
"Taibaiella","Puritan_gel",0,0,10
"Tepidimonas","Copan",0.2,2,10
"Tepidimonas","Eswab",0.1,1,10
"Tepidimonas","Omni",0.1,1,10
"Tepidimonas","Puritan_buffer",0,0,10
"Tepidimonas","Puritan_gel",0,0,10
"Terrabacter","Copan",0,0,10
"Terrabacter","Eswab",0.1,1,10
"Terrabacter","Omni",0,0,10
"Terrabacter","Puritan_buffer",0,0,10
"Terrabacter","Puritan_gel",0,0,10
"Tessaracoccus","Copan",0,0,10
"Tessaracoccus","Eswab",0.1,1,10
"Tessaracoccus","Omni",0,0,10
"Tessaracoccus","Puritan_buffer",0,0,10
"Tessaracoccus","Puritan_gel",0,0,10
"Thauera","Copan",0,0,10
"Thauera","Eswab",0,0,10
"Thauera","Omni",0,0,10
"Thauera","Puritan_buffer",0,0,10
"Thauera","Puritan_gel",0.1,1,10
"Thermoleophilum","Copan",0,0,10
"Thermoleophilum","Eswab",0.1,1,10
"Thermoleophilum","Omni",0,0,10
"Thermoleophilum","Puritan_buffer",0,0,10
"Thermoleophilum","Puritan_gel",0,0,10
"Thermus","Copan",0.1,1,10
"Thermus","Eswab",0.1,1,10
"Thermus","Omni",0.2,2,10
"Thermus","Puritan_buffer",0,0,10
"Thermus","Puritan_gel",0,0,10
"Thiopseudomonas","Copan",0,0,10
"Thiopseudomonas","Eswab",0.1,1,10
"Thiopseudomonas","Omni",0,0,10
"Thiopseudomonas","Puritan_buffer",0,0,10
"Thiopseudomonas","Puritan_gel",0,0,10
"Tissierella","Copan",0,0,10
"Tissierella","Eswab",0,0,10
"Tissierella","Omni",0.1,1,10
"Tissierella","Puritan_buffer",0,0,10
"Tissierella","Puritan_gel",0.1,1,10
"Treponema","Copan",0.1,1,10
"Treponema","Eswab",0,0,10
"Treponema","Omni",0,0,10
"Treponema","Puritan_buffer",0,0,10
"Treponema","Puritan_gel",0.1,1,10
"Tsukamurella","Copan",0.2,2,10
"Tsukamurella","Eswab",0,0,10
"Tsukamurella","Omni",0.1,1,10
"Tsukamurella","Puritan_buffer",0,0,10
"Tsukamurella","Puritan_gel",0.1,1,10
"Turicibacter","Copan",0,0,10
"Turicibacter","Eswab",0.1,1,10
"Turicibacter","Omni",0.1,1,10
"Turicibacter","Puritan_buffer",0.1,1,10
"Turicibacter","Puritan_gel",0.1,1,10
"Varibaculum","Copan",0,0,10
"Varibaculum","Eswab",0,0,10
"Varibaculum","Omni",0,0,10
"Varibaculum","Puritan_buffer",0,0,10
"Varibaculum","Puritan_gel",0.1,1,10
"Variovorax","Copan",0,0,10
"Variovorax","Eswab",0,0,10
"Variovorax","Omni",0,0,10
"Variovorax","Puritan_buffer",0.1,1,10
"Variovorax","Puritan_gel",0,0,10
"Veillonella","Copan",0.1,1,10
"Veillonella","Eswab",0,0,10
"Veillonella","Omni",0,0,10
"Veillonella","Puritan_buffer",0,0,10
"Veillonella","Puritan_gel",0,0,10
"Vulcaniibacterium","Copan",0,0,10
"Vulcaniibacterium","Eswab",0,0,10
"Vulcaniibacterium","Omni",0,0,10
"Vulcaniibacterium","Puritan_buffer",0.1,1,10
"Vulcaniibacterium","Puritan_gel",0,0,10
"Weeksellaceae_f","Copan",0,0,10
"Weeksellaceae_f","Eswab",0.1,1,10
"Weeksellaceae_f","Omni",0,0,10
"Weeksellaceae_f","Puritan_buffer",0,0,10
"Weeksellaceae_f","Puritan_gel",0,0,10
"Williamsia","Copan",0.4,4,10
"Williamsia","Eswab",0.7,7,10
"Williamsia","Omni",0.6,6,10
"Williamsia","Puritan_buffer",0.5,5,10
"Williamsia","Puritan_gel",0.5,5,10
"Xanthobacteraceae_f","Copan",0.2,2,10
"Xanthobacteraceae_f","Eswab",0.4,4,10
"Xanthobacteraceae_f","Omni",0.2,2,10
"Xanthobacteraceae_f","Puritan_buffer",0.1,1,10
"Xanthobacteraceae_f","Puritan_gel",0.3,3,10
"Xanthomonadaceae_f","Copan",0,0,10
"Xanthomonadaceae_f","Eswab",0.1,1,10
"Xanthomonadaceae_f","Omni",0,0,10
"Xanthomonadaceae_f","Puritan_buffer",0,0,10
"Xanthomonadaceae_f","Puritan_gel",0,0,10
"Xanthomonas","Copan",0.1,1,10
"Xanthomonas","Eswab",0,0,10
"Xanthomonas","Omni",0.1,1,10
"Xanthomonas","Puritan_buffer",0.1,1,10
"Xanthomonas","Puritan_gel",0,0,10
"Xenophilus","Copan",0.1,1,10
"Xenophilus","Eswab",0,0,10
"Xenophilus","Omni",0,0,10
"Xenophilus","Puritan_buffer",0.1,1,10
"Xenophilus","Puritan_gel",0.1,1,10
"Yimella","Copan",0.2,2,10
"Yimella","Eswab",0.3,3,10
"Yimella","Omni",0.2,2,10
"Yimella","Puritan_buffer",0.2,2,10
"Yimella","Puritan_gel",0.2,2,10
"[Eubacterium]_brachy_group","Copan",0.2,2,10
"[Eubacterium]_brachy_group","Eswab",0.1,1,10
"[Eubacterium]_brachy_group","Omni",0,0,10
"[Eubacterium]_brachy_group","Puritan_buffer",0.2,2,10
"[Eubacterium]_brachy_group","Puritan_gel",0,0,10
"[Eubacterium]_nodatum_group","Copan",0,0,10
"[Eubacterium]_nodatum_group","Eswab",0.1,1,10
"[Eubacterium]_nodatum_group","Omni",0.1,1,10
"[Eubacterium]_nodatum_group","Puritan_buffer",0.1,1,10
"[Eubacterium]_nodatum_group","Puritan_gel",0.1,1,10
"[Eubacterium]_saphenum_group","Copan",0,0,10
"[Eubacterium]_saphenum_group","Eswab",0,0,10
"[Eubacterium]_saphenum_group","Omni",0.1,1,10
"[Eubacterium]_saphenum_group","Puritan_buffer",0.1,1,10
"[Eubacterium]_saphenum_group","Puritan_gel",0,0,10
