"Type 1","Type 2","Type 3","Type 4","Type 5","taxon_id","Genus"
TRUE,TRUE,FALSE,FALSE,FALSE,"2e914ff49c78ff61df377999bbc52463","Marmoricola"
TRUE,FALSE,FALSE,FALSE,FALSE,"ac4224d32dea1c7253ed5070a65a1b3e","Nocardioides"
FALSE,FALSE,FALSE,TRUE,TRUE,"37640dc68ceb2f67423497241ff862f3","Friedmanniella"
FALSE,FALSE,FALSE,TRUE,FALSE,"3859ddfb4885964844ff7ada513a2597","Microlunatus"
FALSE,FALSE,TRUE,FALSE,FALSE,"892feb56530bc24bd758934e83f18b92","Micropruina"
FALSE,FALSE,FALSE,FALSE,TRUE,"d8e59a58b1954757c26b879a9829c4a7","Tessaracoccus"
FALSE,FALSE,TRUE,TRUE,TRUE,"c14e1054ccbbabd5f6ed8a6dab092c54","Marinilutecoccus"
FALSE,FALSE,FALSE,TRUE,TRUE,"3270d6c06b6b0f0e2af3d81851a3993f","Scardovia"
FALSE,TRUE,FALSE,FALSE,FALSE,"e523791eca087d243d36477d28789915","Varibaculum"
TRUE,TRUE,TRUE,TRUE,FALSE,"39b80e4af59dd44a181b5a148a6f8a0d","Actinomycetaceae"
TRUE,TRUE,TRUE,TRUE,TRUE,"ada74c108a4de9611526f0c0c7ad4fc9","Actinomyces"
FALSE,FALSE,TRUE,FALSE,FALSE,"10338681707ca5771140ff6bd4937dd3","Georgenia"
FALSE,FALSE,FALSE,TRUE,FALSE,"668ddc46cdbec2642f49fddde18308d2","Propioniciclava"
TRUE,TRUE,TRUE,TRUE,TRUE,"856925f916eba95f669698c572f88d93","Propionibacteriaceae_f"
TRUE,TRUE,TRUE,TRUE,TRUE,"2c38d9d5742202da694d4721608fd637","Cutibacterium"
TRUE,TRUE,TRUE,TRUE,FALSE,"01cef7193e22002921dd48ed9ba9882b","Antricoccus"
TRUE,TRUE,TRUE,TRUE,FALSE,"30e001262d5e22bc9879c1a6b14058cc","Nakamurella"
FALSE,FALSE,TRUE,FALSE,FALSE,"f86053770615e8c2bed9d08c8218914b","Nocardiopsis"
FALSE,FALSE,TRUE,FALSE,FALSE,"0246880f263e5f9d050691d5c089a905","Jiangella"
FALSE,TRUE,FALSE,TRUE,FALSE,"fd06b5bd8feab452ba90c4c2eb3729ac","Micromonosporaceae_f"
FALSE,TRUE,FALSE,FALSE,FALSE,"2e728bead79d32a1b0788c8f2d3d8420","Babeliaceae"
TRUE,FALSE,FALSE,FALSE,FALSE,"11aa9d4b0a51ee2a4e2a067c3db710f6","JGI_0001001-H03"
TRUE,FALSE,FALSE,FALSE,FALSE,"34085f1836e0fbc2e8a1843a65e93757","Oscillibacter"
FALSE,TRUE,FALSE,FALSE,FALSE,"92201a0da9fc3ee6db6f359cdc9ae158","Colidextribacter"
FALSE,TRUE,FALSE,FALSE,FALSE,"2e9cafa6d587316096144e3d099fb30a","Incertae_Sedis"
FALSE,FALSE,FALSE,FALSE,TRUE,"ca9f4bee4554e862e06ba4c488055776","Christensenellaceae_R-7_group"
TRUE,FALSE,TRUE,FALSE,FALSE,"a0cd40d7714e666b1d764840b3cdf319","Clostridia_UCG-014"
TRUE,FALSE,FALSE,FALSE,FALSE,"7b789ab34a526249c04870ec1e3b14fb","Stomatobaculum"
FALSE,TRUE,FALSE,TRUE,TRUE,"17a056ac493560449848261b2f51d68f","Oribacterium"
TRUE,TRUE,FALSE,TRUE,FALSE,"27325c30c47914898ef234447825ab83","Lachnospiraceae_f"
TRUE,TRUE,TRUE,TRUE,FALSE,"0cdb0219ef84707001971bd8592d6a11","Lachnospiraceae_NK4A136_group"
TRUE,TRUE,FALSE,FALSE,FALSE,"69ff34f58e584c0b1b02a7bcfdf855fd","Lachnoanaerobaculum"
TRUE,TRUE,TRUE,TRUE,TRUE,"72558b780028629aa73abc3c75849338","Anaerococcus"
FALSE,FALSE,TRUE,FALSE,FALSE,"15287379f901b0787b04f6432a2f8bcf","Fenollaria"
TRUE,TRUE,TRUE,TRUE,TRUE,"f3c298b72522fa8756d13ae50332f012","Finegoldia"
TRUE,FALSE,TRUE,TRUE,TRUE,"f62c486b44892e1e1254d83edcef4f0b","Parvimonas"
FALSE,TRUE,FALSE,FALSE,FALSE,"545e02d32bf168637a36e7689eb58894","Ezakiella"
TRUE,FALSE,FALSE,FALSE,FALSE,"3647fcaddec766838b3532f38d53e49b","Family_XI_f"
FALSE,TRUE,FALSE,TRUE,FALSE,"029c76efcff7044afc7a4d56e859c483","Tissierella"
TRUE,TRUE,TRUE,TRUE,TRUE,"e7a499f9a323eb7371e4433ae24c2ba5","Peptoniphilus"
TRUE,TRUE,TRUE,TRUE,TRUE,"fe3c004d8197f1b22882116b5be2deda","Mogibacterium"
FALSE,TRUE,TRUE,TRUE,TRUE,"fab4e6f2ff0d67c9da977d16fc3cb422","[Eubacterium]_nodatum_group"
TRUE,FALSE,FALSE,FALSE,FALSE,"bd70ff86d44ce073392ba44cc682ed77","S5-A14a"
TRUE,FALSE,TRUE,FALSE,TRUE,"21aa4b4f658decb90eb33740ce2886c0","[Eubacterium]_brachy_group"
TRUE,FALSE,FALSE,FALSE,FALSE,"c8a6218790712b8c08f605b865c6e497","Paeniclostridium"
FALSE,FALSE,TRUE,TRUE,FALSE,"a13dce895add088f18d0e430280854b1","Romboutsia"
FALSE,FALSE,FALSE,FALSE,TRUE,"94280c1f9f716fbaaac5ea7d1925a3ac","Peptostreptococcus"
FALSE,FALSE,FALSE,FALSE,TRUE,"054a3d89b18fe9efb721eae0b64f969b","Filifactor"
TRUE,FALSE,TRUE,FALSE,FALSE,"18ceb20f4a0682ada2a5849583d8a6eb","Clostridium_sensu_stricto_1"
TRUE,TRUE,FALSE,FALSE,TRUE,"71c05ef4f89bfda417762c6a3a199da5","Fusobacterium"
FALSE,FALSE,TRUE,TRUE,TRUE,"a5dd882b4a1e48909e5c51966530bf29","Turicibacter"
TRUE,FALSE,TRUE,FALSE,FALSE,"92439753fa9d8bf5da75e3ee7c14e69f","Anaeroplasma"
FALSE,FALSE,TRUE,FALSE,FALSE,"73948445c2534487d73c1402eb9ca852","Bulleidia"
TRUE,TRUE,FALSE,TRUE,TRUE,"777af065fba986b3744a73d72c79c51d","Solobacterium"
FALSE,TRUE,FALSE,FALSE,FALSE,"5de75a73be3109110266de0a2c4b48d4","Erysipelotrichaceae_UCG-003"
TRUE,TRUE,TRUE,TRUE,TRUE,"dc4c06e76c80792a6dd6a5170e96a392","Streptococcus"
FALSE,FALSE,TRUE,TRUE,TRUE,"e075d7d3b6ae899ef1e8ccba4cd5114e","Lactococcus"
TRUE,TRUE,TRUE,TRUE,TRUE,"46ec4ed0a75b0fcf231f1e4ff262fa8d","P5D1-392"
FALSE,FALSE,FALSE,TRUE,FALSE,"ee5be990233f99eded70433e365148ee","Lactobacillales_o"
FALSE,FALSE,TRUE,FALSE,FALSE,"d0bbb3cf6f8c4d7a6fdd6a81d94daa81","Marinilactibacillus"
FALSE,FALSE,FALSE,FALSE,TRUE,"33a4b160e1f1411ea02ae36df2dcc388","Alkalibacterium"
TRUE,TRUE,FALSE,TRUE,TRUE,"3f23ceb1ef108f7ce9cc7e5665c1f6af","Atopostipes"
TRUE,FALSE,FALSE,TRUE,FALSE,"f72abff20162a869f7fb14c9b9468835","Jeotgalicoccus"
TRUE,TRUE,TRUE,TRUE,TRUE,"28791a195fb16e432f328fc38c217a16","Staphylococcus"
FALSE,TRUE,FALSE,TRUE,FALSE,"34f93d4b535472fbbe0ae88becfe4254","Fictibacillus"
TRUE,TRUE,TRUE,TRUE,TRUE,"bb22e6d2b4e7939ff1edc50cab5c9130","Bacillus"
TRUE,TRUE,FALSE,FALSE,FALSE,"ec838891faa3317f3afcd2d38b4e1923","Bacillaceae_f"
TRUE,FALSE,FALSE,FALSE,FALSE,"28e82ac50faab22d9428d78c36181743","Hydrogenispora"
TRUE,FALSE,FALSE,FALSE,FALSE,"050d46a27980fc3cbc7f1a3d04b66b12","Planococcaceae_f"
FALSE,TRUE,TRUE,TRUE,FALSE,"126f3c073f21d6632d9d256142537db3","Sporosarcina"
TRUE,TRUE,TRUE,TRUE,FALSE,"b237acb7c9ea317b7038f24d96d5d302","Anoxybacillus"
FALSE,FALSE,FALSE,FALSE,TRUE,"cca62ce55fa1104839106ebc7d1a7667","Paenibacillus"
TRUE,FALSE,FALSE,FALSE,FALSE,"4ceaf0eaf760e1d547cc7b69a0caf8af","Leuconostoc"
TRUE,FALSE,FALSE,FALSE,FALSE,"c16345411b2428ad706dd067e17bd77d","Facklamia"
TRUE,TRUE,TRUE,TRUE,TRUE,"026a1823043132ceb767cb524b84af87","Eremococcus"
FALSE,TRUE,TRUE,TRUE,TRUE,"20c71ebbcfbabf45f16036be051b7769","Gemella"
TRUE,FALSE,FALSE,FALSE,FALSE,"f0a2510f876ac61a2018bf5abf3db6a2","Dubosiella"
FALSE,FALSE,FALSE,FALSE,TRUE,"59ef38dc6b706ebe3087a9c3c12872bd","Sporomusa"
TRUE,TRUE,TRUE,TRUE,TRUE,"74aa557dd13c317520912ce37b152b31","JG30-KF-CM45"
TRUE,FALSE,FALSE,FALSE,FALSE,"0b2fe4fb7db539ff9a4fa9d27c0faa62","Nodosilinea_PCC-7104"
FALSE,FALSE,FALSE,TRUE,FALSE,"8459d7cb3a2b19a181aa31512f398869","EcFYyy-200"
FALSE,FALSE,TRUE,TRUE,FALSE,"45e3f3f280507375f3d96c07e56be4c3","Pleurocapsa_PCC-7319"
FALSE,FALSE,FALSE,FALSE,TRUE,"1dd2d03bf672608a258cb4ef5543cad2","Cyanobacteriales_o"
FALSE,FALSE,TRUE,TRUE,TRUE,"47197ee817bb57421f861e8b877e0588","Chroococcidiopsaceae_f"
FALSE,FALSE,FALSE,TRUE,FALSE,"e863f60c2b404781ce435283c0b37574","Calothrix_PCC-6303"
FALSE,FALSE,FALSE,TRUE,FALSE,"35527ffa9f44ebbf586ab787211da1c3","Dyadobacter"
FALSE,FALSE,FALSE,TRUE,FALSE,"a67325486802911e948473f4b8b71ebe","Spirosoma"
FALSE,FALSE,FALSE,TRUE,FALSE,"1813a356c899840a7219062a1a3f47b5","Spirosomaceae_f"
TRUE,FALSE,FALSE,FALSE,FALSE,"b230581a663e0797c9116d2661cab125","Sphingobacterium"
FALSE,FALSE,FALSE,TRUE,FALSE,"ad490013f6967a5e303129f81df260cb","Nubsella"
TRUE,TRUE,TRUE,TRUE,FALSE,"93e5a7a097bc4ddfb97c9908b7e32efd","Prevotellaceae_f"
TRUE,TRUE,FALSE,TRUE,TRUE,"50a12e0b6a6399f107bdfcadc93a8cc4","Prevotella"
TRUE,FALSE,FALSE,FALSE,FALSE,"300837fe392a9506546f1970bd365d4b","Prevotella_7"
FALSE,FALSE,FALSE,TRUE,FALSE,"88098ab3f8048c851897dbd0bcb5cb7d","Prevotellaceae_UCG-001"
TRUE,FALSE,FALSE,FALSE,FALSE,"05fcdbf22abe66e94b0ede4dfd85ca1e","Alloprevotella"
TRUE,TRUE,TRUE,FALSE,FALSE,"b765346d065e508c6263c505decbb3f2","Muribaculaceae"
FALSE,FALSE,FALSE,TRUE,FALSE,"a7d73d00201f5dfac32d5042e3aa7039","Rikenellaceae_RC9_gut_group"
TRUE,FALSE,FALSE,TRUE,FALSE,"13fb1106cb988b93d742c82bb067cd7c","Alistipes"
FALSE,TRUE,FALSE,FALSE,FALSE,"1422aef8849148a9b52ce185862dc22f","Capnocytophaga"
TRUE,FALSE,FALSE,FALSE,FALSE,"1a7e4f61cb855f1cf44b93f02d1e46e3","Flavobacterium"
TRUE,FALSE,FALSE,FALSE,FALSE,"2f7ab09df42772d54308dfa6e66bdfd0","Empedobacter"
TRUE,FALSE,FALSE,FALSE,FALSE,"c267dc0912cbc6475bb64ff0f47644b0","Bergeyella"
TRUE,TRUE,TRUE,TRUE,FALSE,"41fbe47dd5c90d3ffeac5d5f7c2cc30d","Chryseobacterium"
TRUE,TRUE,FALSE,FALSE,FALSE,"fe00e9dc2b0d57671c5d87b12972291f","Cloacibacterium"
FALSE,FALSE,TRUE,TRUE,TRUE,"205b8ebbe28117767c6974e1c4e05f03","LWQ8"
TRUE,FALSE,TRUE,TRUE,FALSE,"d233b6edb8f37e7f43a781f4ed7c7a7e","Saccharimonadales_o"
FALSE,TRUE,TRUE,TRUE,TRUE,"b76595ac6cd24bb842f1374a9733e373","Saccharimonadales"
TRUE,FALSE,FALSE,TRUE,TRUE,"d4841fd1d61b4703cdd6ce863db17fea","Saccharimonadaceae"
TRUE,TRUE,TRUE,TRUE,TRUE,"85c44a334114a5e2ca8dbe7d74e191d7","TM7a"
TRUE,TRUE,TRUE,TRUE,TRUE,"303f5cdac869c2dc02db6ebe1323e12a","Deinococcus"
TRUE,FALSE,FALSE,TRUE,FALSE,"a433a2d87737d2dbf73ad13321f67911","Thermus"
FALSE,FALSE,TRUE,FALSE,FALSE,"0535f4bb8a671a91b7c6080f796b0bc0","JGI_0000069-P22"
FALSE,FALSE,FALSE,TRUE,FALSE,"3d321b478b7fd39dc8ac6c68a827a622","Arcobacter"
TRUE,FALSE,FALSE,FALSE,FALSE,"d127837f1b6ab3f7bdad8d8d125f0b08","Helicobacter"
FALSE,TRUE,FALSE,TRUE,FALSE,"926726e3e0db3f70863c3e8a1f495968","Candidatus_Alysiosphaera"
FALSE,TRUE,FALSE,TRUE,FALSE,"8565dacf1db3e048ac63f478454923c7","Nordella"
FALSE,FALSE,TRUE,FALSE,FALSE,"a6a5c75bcf40728c389d91b17e569cb0","Reyranella"
FALSE,FALSE,FALSE,TRUE,FALSE,"a1e2b28fb788c9542caf556c169bd434","Hyphomicrobium"
TRUE,TRUE,TRUE,FALSE,FALSE,"a47b8216f72af411c683bfe0846aa555","Pedomicrobium"
FALSE,FALSE,TRUE,FALSE,FALSE,"4ed1aaefaefe8f38b7f6a4c1fd82d1ba","Hyphomicrobiaceae_f"
TRUE,FALSE,FALSE,TRUE,FALSE,"b733b3851a774a99efd0dd4c1d92054c","Phreatobacter"
FALSE,FALSE,TRUE,FALSE,FALSE,"302bf7a5ed63144059d0db8f906a743f","Amb-16S-1323"
TRUE,TRUE,FALSE,FALSE,FALSE,"8ada8a5b8f21a7dc546f16c295fd64f4","Pseudorhodoplanes"
TRUE,TRUE,TRUE,TRUE,TRUE,"b0ce3a4407f76fe40d761ea266b304ff","Microvirga"
TRUE,TRUE,TRUE,TRUE,TRUE,"d8a7df9e8bf0ac6efceee3f0424a5090","Beijerinckiaceae_f"
FALSE,TRUE,FALSE,FALSE,FALSE,"be765e929e8c9e7845dc8abd26cbda3e","28-YEA-48"
FALSE,FALSE,FALSE,FALSE,TRUE,"b66b3e7d5986ed8721f7bd4f6538105c","1174-901-12"
TRUE,TRUE,TRUE,TRUE,TRUE,"5dac0955f00d983d7557e718591f0f42","Methylobacterium-Methylorubrum"
TRUE,TRUE,TRUE,TRUE,TRUE,"fa5d10d0f5b3457021cf635a8268b986","Bosea"
FALSE,FALSE,TRUE,TRUE,FALSE,"a354591ad123e5f645c3694abf4089f4","Rhodopseudomonas"
TRUE,TRUE,TRUE,TRUE,TRUE,"75867d7a16d9647ce25057cc21524cd3","Xanthobacteraceae_f"
TRUE,FALSE,FALSE,FALSE,FALSE,"1c5d6c2c9b4a7166c7cb496fca023c12","Bradyrhizobium"
FALSE,FALSE,FALSE,TRUE,TRUE,"b7efbc42c9ff68fc2a12b5046976cfe6","Psychroglaciecola"
FALSE,TRUE,FALSE,FALSE,FALSE,"b90d5c735e4f9bea8175e5eabfd3caab","Asticcacaulis"
FALSE,FALSE,TRUE,TRUE,TRUE,"8f120cf4ec104620d09446cdfbd8b7e9","Caulobacteraceae_f"
FALSE,FALSE,FALSE,TRUE,FALSE,"20f150dfe46c537edc5310399040afb8","Caulobacteraceae"
FALSE,FALSE,TRUE,FALSE,FALSE,"0adf67a3e396926259316a14f66e7ca1","Brevundimonas"
FALSE,TRUE,FALSE,TRUE,TRUE,"e04521050f0d75fa388bddc4f2f34e56","Caulobacter"
TRUE,FALSE,FALSE,FALSE,TRUE,"d31a407f8ea48b0ffb218c273e96aca7","Phenylobacterium"
FALSE,FALSE,FALSE,TRUE,FALSE,"3e50658e9b489006be4573114ca22b59","Rubellimicrobium"
TRUE,TRUE,TRUE,TRUE,TRUE,"65c9fb2233a8c0d21e99ba69d13d1e6d","Haematobacter"
FALSE,FALSE,TRUE,TRUE,FALSE,"cec2b7d32bc35658a948ffb4c0357677","Amaricoccus"
TRUE,TRUE,TRUE,TRUE,TRUE,"515ecf421a951bc274a7daaa791dc894","Paracoccus"
FALSE,TRUE,FALSE,FALSE,FALSE,"adcae3f5a43e4dca840c01d62e6416a5","Pleomorphomonas"
FALSE,TRUE,FALSE,FALSE,FALSE,"e9725fc74685ef05a1ba39435294042c","Pseudaminobacter"
FALSE,TRUE,FALSE,FALSE,FALSE,"cea0a6f8b58238977831021560f03baf","Aminobacter"
TRUE,TRUE,TRUE,TRUE,TRUE,"b42d663cf6e4bf6e9916cf88ac74a818","Rhizobiaceae_f"
FALSE,FALSE,FALSE,TRUE,FALSE,"35d4cbfddf6c9639a996a7877cd4f0f2","Ciceribacter"
TRUE,FALSE,TRUE,TRUE,FALSE,"c213f9d573bc251e6187c95f276feca6","Shinella"
TRUE,TRUE,TRUE,TRUE,FALSE,"b7b3626747fe84c91b5f419eea29bbdf","Ensifer"
TRUE,TRUE,TRUE,TRUE,FALSE,"cb87c4f867a6bf086284e61be0ec2f63","Aureimonas"
TRUE,TRUE,TRUE,TRUE,FALSE,"6cba61242453f471b9c15fdcb5026986","Allorhizobium-Neorhizobium-Pararhizobium-Rhizobium"
FALSE,TRUE,TRUE,TRUE,FALSE,"da9d2bcf5ad7eb890398dee9beaf9949","Devosiaceae_f"
TRUE,TRUE,TRUE,TRUE,FALSE,"8bad83080a2375457f0c9a882b0518b9","Devosia"
TRUE,TRUE,TRUE,TRUE,TRUE,"baec25fd95d764324fe292e10e6f1620","Sphingomonas"
FALSE,FALSE,FALSE,TRUE,FALSE,"89080b3c5ba6bf78d58df159a692470f","MN_122.2a"
TRUE,TRUE,TRUE,TRUE,TRUE,"6e52e1651130d2a07800abe723ea721e","Sphingomonadaceae_f"
TRUE,FALSE,TRUE,TRUE,TRUE,"84739218645d09374bcecea50306c590","Sphingobium"
FALSE,TRUE,FALSE,TRUE,TRUE,"7a1929bf9979112b01541e3fc354d129","Qipengyuania"
TRUE,FALSE,TRUE,TRUE,TRUE,"c25c933a077c8f1489487077ae49d897","Novosphingobium"
FALSE,TRUE,FALSE,TRUE,TRUE,"84f932f291b157ef5aaf93a5ea82ebb2","Sphingopyxis"
TRUE,TRUE,FALSE,TRUE,FALSE,"aa57923408765fc46bc15cbeaa7491a6","Skermanella"
TRUE,TRUE,TRUE,TRUE,TRUE,"97402210ae7735706d9a9a42b71b8fda","Acetobacteraceae_f"
TRUE,TRUE,TRUE,TRUE,TRUE,"1b5f84de8f1ac02d81de16f9b8ae2d0e","Roseomonas"
FALSE,TRUE,FALSE,FALSE,FALSE,"fe64ec7791e1fcd2d40f449b7ec5b4bb","Muricoccus"
FALSE,FALSE,TRUE,FALSE,FALSE,"639fa34b4e7141c951ee83fd68fe2b47","Gluconacetobacter"
TRUE,TRUE,FALSE,FALSE,FALSE,"75195c7c5253e5a13cb2176aa9f782c2","Asaia"
FALSE,FALSE,FALSE,TRUE,FALSE,"40b48ec694b884aa93cc33fbfb00d625","Kozakia"
TRUE,TRUE,TRUE,TRUE,FALSE,"67ea33e6e92c2b3175cf2c5bd905476b","Acetobacter"
TRUE,TRUE,TRUE,FALSE,FALSE,"9e3c906dc28276c52554085ff636a2a8","Rickettsiella"
FALSE,TRUE,FALSE,FALSE,FALSE,"66b7507662a94e6fba998da71404a5b8","Nevskia"
FALSE,FALSE,TRUE,FALSE,FALSE,"64c6c9854a1938f12b659f40a0f6a954","Vulcaniibacterium"
TRUE,FALSE,TRUE,TRUE,FALSE,"4599f62c522946dffd848e0b0d9fca4b","Xanthomonas"
FALSE,TRUE,FALSE,FALSE,FALSE,"342ce74435d2330505ee013a1e0cfe40","Pseudoxanthomonas"
TRUE,TRUE,TRUE,TRUE,FALSE,"58eb82260a9cf04183552f4c539e2fac","Stenotrophomonas"
FALSE,TRUE,FALSE,FALSE,FALSE,"b49c1c742ff9a26c0ce116574c094ea7","SN8"
FALSE,TRUE,FALSE,TRUE,FALSE,"0cbd1ae79969bad86b80d96bf2b6b814","Luteimonas"
FALSE,FALSE,FALSE,FALSE,TRUE,"d8b64490de90a224be2172096edcb67b","Xanthomonadaceae_f"
FALSE,FALSE,TRUE,TRUE,FALSE,"a7382b45b4ef915003f6e6983632974f","Lysobacter"
TRUE,FALSE,FALSE,FALSE,FALSE,"ec788ffe7eee824ad4c2d4519f2eb96b","Burkholderiales_o"
TRUE,TRUE,FALSE,TRUE,TRUE,"82504c984bcb5a584c737c78906bd2bf","Massilia"
TRUE,TRUE,FALSE,FALSE,TRUE,"6899a05aba1c79bb03f4b1df326b5884","Neisseria"
TRUE,FALSE,FALSE,TRUE,TRUE,"19045d0398e54e66ed333ad6780ae0d4","Neisseriaceae_f"
FALSE,TRUE,FALSE,FALSE,FALSE,"5f52a8f708db5f6885b892c90f153983","Hydrogenophilus"
FALSE,FALSE,FALSE,TRUE,TRUE,"906baa19422f87b92ad2957fae66a741","Methyloversatilis"
TRUE,FALSE,FALSE,FALSE,FALSE,"1fe1d90a93ffe8b8c2b7b32be0e750ea","Cupriavidus"
FALSE,FALSE,TRUE,FALSE,TRUE,"b03c414290fa278a0f09d9b4c819ac40","Ralstonia"
FALSE,TRUE,FALSE,TRUE,FALSE,"67ebdb997e828699fa913b0ed18ba924","Ottowia"
FALSE,TRUE,FALSE,FALSE,FALSE,"806198a51c28a0e3cbb56fd6251ea18e","Comamonas"
FALSE,FALSE,FALSE,TRUE,FALSE,"30d17b384b5e354005c2cb37d6aaf069","Comamonadaceae_f"
FALSE,FALSE,TRUE,FALSE,FALSE,"a36f517260cdac623044af72be907f03","Delftia"
FALSE,FALSE,TRUE,FALSE,FALSE,"ec6e497c2bea91ad44fad5bd08f3a5d2","Xenophilus"
TRUE,FALSE,TRUE,FALSE,FALSE,"b510eab43bc2ae3ce44ca3332afb6774","Acidovorax"
FALSE,TRUE,FALSE,TRUE,FALSE,"a4bfcc56025d3266ec1c86c82e266e12","Aquabacterium"
FALSE,FALSE,FALSE,TRUE,FALSE,"403eadaf52132415552a3a9990cf2070","Tepidimonas"
FALSE,FALSE,TRUE,FALSE,FALSE,"c16bda45083cf985cb674a0320788363","Pelomonas"
FALSE,FALSE,FALSE,TRUE,FALSE,"394b62243678d5f00cbfb8f1c4a6ee6d","Schlegelella"
FALSE,FALSE,FALSE,FALSE,TRUE,"da903c8d827a0808b8325dd9585b5c08","Burkholderia-Caballeronia-Paraburkholderia"
TRUE,TRUE,FALSE,TRUE,FALSE,"84b98c898e7a9a2d3f9b1be2df4908c7","Lautropia"
TRUE,FALSE,FALSE,FALSE,FALSE,"8d8da6172e2c91f26a13e27dea7fcb95","Coxiella"
TRUE,FALSE,TRUE,TRUE,FALSE,"01a417c3176de0348b0ca6ceefbd4491","Legionella"
FALSE,FALSE,FALSE,FALSE,TRUE,"f74d3e35b55e74c8e5323eeb0f436f14","Methylomonas"
TRUE,FALSE,FALSE,FALSE,FALSE,"2eb5f39293ce179eff805fa32d12a432","Alishewanella"
TRUE,FALSE,FALSE,FALSE,FALSE,"a2e29f5d7001469edc6a394262a51f75","Erwiniaceae_f"
FALSE,TRUE,FALSE,FALSE,FALSE,"8fa0171ff9cdc7f7e3d869c458a4a73a","Raoultella"
FALSE,TRUE,TRUE,TRUE,TRUE,"3444f19e0cb194dfbd485cc396c59f71","Haemophilus"
TRUE,TRUE,TRUE,TRUE,TRUE,"5325c97ed1a497a5a586815b59aed735","Enhydrobacter"
TRUE,FALSE,TRUE,TRUE,FALSE,"5d7c35adf23e3104ee8e2886a1194c17","Acinetobacter"
TRUE,TRUE,TRUE,TRUE,FALSE,"2c87af46c878a9884a0e448e106cfe42","Pseudomonas"
FALSE,TRUE,FALSE,FALSE,FALSE,"29426558992083b53aba3b5adfb62ebc","Cellvibrio"
FALSE,TRUE,FALSE,TRUE,FALSE,"38ce145ffdcca956e2be1b6f332f8afb","Bdellovibrio"
FALSE,FALSE,TRUE,FALSE,FALSE,"71ddab1f3aa488f911f2b333353e2f78","Oligoflexaceae_f"
FALSE,FALSE,FALSE,TRUE,FALSE,"8513c3d7e955e463f8fb4b0e3f8ca6b0","Gastranaerophilales"
FALSE,FALSE,TRUE,FALSE,FALSE,"6e84be0d93bffb85cad87ffe27fc41f9","Coriobacteriales_o"
FALSE,FALSE,TRUE,TRUE,FALSE,"9e0c133b35d63be7741321765a951d0e","Olsenella"
TRUE,TRUE,TRUE,TRUE,FALSE,"543ac8da8a84103fde70c9ee9ccf3aeb","Atopobium"
FALSE,FALSE,FALSE,TRUE,FALSE,"9b21b487cca15d9243173e6003fe5f67","Gemmatimonadaceae_f"
FALSE,FALSE,FALSE,TRUE,FALSE,"f8e719549495b584e09aed57e8d9b853","Gemmatimonas"
FALSE,FALSE,TRUE,FALSE,FALSE,"db9c46272955268b239e5d89618d7ac1","Berkelbacteria"
FALSE,TRUE,FALSE,FALSE,FALSE,"259733dd148441d7853462e466b51c86","SM1A02"
FALSE,FALSE,TRUE,FALSE,FALSE,"4e9ca07dcaec7e38e8c0689eb78540e3","Paludisphaera"
TRUE,FALSE,TRUE,TRUE,FALSE,"8accb7ac69a09173bb86ac2883b7dff7","Isosphaeraceae_f"
FALSE,FALSE,FALSE,TRUE,FALSE,"21967f8f24338037507b06be0cbaa356","Pirellula"
FALSE,FALSE,TRUE,FALSE,FALSE,"86d9f851fe319e04da6496f277487456","Pirellulaceae_f"
FALSE,FALSE,TRUE,TRUE,FALSE,"713362abd8c4912d6c7d4caa1e766625","Pir4_lineage"
FALSE,TRUE,FALSE,FALSE,FALSE,"d2b0b2aee1af0c2d0b268bbdd47e2924","Gemmataceae_f"
TRUE,FALSE,TRUE,FALSE,FALSE,"5e75994e109e5e60edd869e18ac9e50a","Gemmata"
TRUE,FALSE,FALSE,FALSE,FALSE,"c9b3032f54d5eae836e9bbc111d61d57","SH-PL14"
FALSE,TRUE,FALSE,FALSE,FALSE,"c0948aae3210c6d223a5b3ac7bc18fb0","Planctomicrobium"
FALSE,TRUE,FALSE,TRUE,FALSE,"d27a5dbc45888651009c7373394586e2","Planctomycetes_c"
FALSE,FALSE,FALSE,TRUE,FALSE,"7515c96cc69c940c2521d2ed4ac90adc","67-14"
FALSE,TRUE,FALSE,FALSE,FALSE,"4518e5b3f462a669d90839f07bd8c881","Conexibacter"
FALSE,FALSE,FALSE,FALSE,TRUE,"dcf66aa40723a77eaf2bb42cb2c63f73","Patulibacter"
TRUE,FALSE,FALSE,TRUE,TRUE,"e26b0fa334d8f338ba34578cb7c0d3cc","Parviterribacter"
FALSE,FALSE,FALSE,TRUE,TRUE,"292254d46addbc010ae77b2aad22c07b","Microtrichales_o"
FALSE,TRUE,TRUE,FALSE,FALSE,"5bd3af0138e11ba03030ffee3ff0d14d","Acidimicrobiia_c"
TRUE,TRUE,TRUE,TRUE,TRUE,"4748e8a42d43b5abde091a50264f9a92","Blastococcus"
FALSE,FALSE,FALSE,TRUE,TRUE,"261dfeeb6c011ef257861b2a0fe3bb7d","Brevibacterium"
TRUE,TRUE,TRUE,TRUE,TRUE,"81e7661c8ebb6e0fc435211e9aa6a47c","Kocuria"
TRUE,TRUE,TRUE,TRUE,TRUE,"443fb2d16fc7d839c24c5a7a7826dec6","Rothia"
FALSE,FALSE,TRUE,FALSE,FALSE,"07f823ed91fe424a88e175a9101db80f","Kytococcus"
FALSE,TRUE,TRUE,TRUE,TRUE,"db1e0886cb9529333a47b8ff4347c63b","Intrasporangiaceae_f"
FALSE,TRUE,TRUE,FALSE,FALSE,"21673413c8312614eaf4f3f0e9ac6eba","Knoellia"
TRUE,FALSE,TRUE,TRUE,TRUE,"873b0b68e099323e1d2ca5d17606a11d","Pseudoclavibacter"
FALSE,TRUE,FALSE,FALSE,FALSE,"e3cf88a0fc4731af23d477c14f7f8de6","Galbitalea"
FALSE,FALSE,TRUE,FALSE,FALSE,"46b0ba5afe1e2b9268573006c628405a","Plantibacter"
FALSE,FALSE,FALSE,TRUE,FALSE,"bff2858a173d483d7604323d8fc9a6e9","Diaminobutyricimonas"
FALSE,FALSE,FALSE,TRUE,FALSE,"9ac455d7d7a26fed46036043403628e6","Agrococcus"
TRUE,TRUE,TRUE,TRUE,TRUE,"c123804c63e25b6390ad734e64c31e6c","Microbacterium"
TRUE,TRUE,TRUE,TRUE,TRUE,"f889bb2bb25f73012084bb11ae950a17","Microbacteriaceae_f"
TRUE,FALSE,TRUE,TRUE,TRUE,"0db1ad2d6b4b45fa3e3e40aa9f5ee692","Janibacter"
TRUE,TRUE,TRUE,TRUE,FALSE,"2babd2316a955b8126c1d574928eded1","Arsenicicoccus"
FALSE,FALSE,FALSE,FALSE,TRUE,"79efcc373159c11685c8a7343b8e0cd9","Ornithinicoccus"
FALSE,FALSE,FALSE,FALSE,TRUE,"cbb091b5e5b0289d04c52c93172f0400","Ornithinimicrobium"
TRUE,TRUE,FALSE,TRUE,TRUE,"978d54ee5abc9bf229fa247683b8d7f2","Dermabacter"
TRUE,FALSE,TRUE,TRUE,TRUE,"f5f63b20073a5689ec99521de809cfa9","Brachybacterium"
TRUE,FALSE,FALSE,FALSE,FALSE,"9fb4d1ef56025a3efd044096543a3686","Leucobacter"
TRUE,TRUE,TRUE,TRUE,TRUE,"aa84576af3343730c84146140496a807","Calidifontibacter"
TRUE,TRUE,TRUE,TRUE,TRUE,"2bec1063c452ea81ad6d1f8ea021d50d","Yimella"
TRUE,FALSE,FALSE,FALSE,FALSE,"041a808460c3e20eb708113a5ae6533d","Mobilicoccus"
TRUE,TRUE,TRUE,TRUE,TRUE,"f88845e22ed4975c40c05e8f527554b3","Piscicoccus"
TRUE,TRUE,TRUE,TRUE,TRUE,"73664aa4932bcfe5379274e489d0bf1c","Micrococcus"
FALSE,FALSE,FALSE,TRUE,TRUE,"4961a9855736776cbb628fcf27ee7f72","Actinobacteria_c"
TRUE,TRUE,TRUE,TRUE,TRUE,"8c78f224069832cd7fd7e9efcf616ab9","Dermacoccus"
TRUE,TRUE,TRUE,TRUE,TRUE,"13b8688bc0b096a8da1566d3bb25a9db","Williamsia"
FALSE,FALSE,FALSE,FALSE,TRUE,"1a917b265c943f0b7fe898239bb29ed5","Millisia"
TRUE,TRUE,TRUE,TRUE,TRUE,"0de497e4baa9d071845afc073d10fba6","Gordonia"
TRUE,TRUE,TRUE,TRUE,TRUE,"a1d949f27725f089c27c233027c5f692","Rhodococcus"
TRUE,TRUE,TRUE,TRUE,TRUE,"e582ed5906dc643509303e1e7de0e8e9","Actinomycetospora"
TRUE,TRUE,TRUE,TRUE,TRUE,"a8ebe6695f3741b63f135708fa4c894d","Pseudonocardia"
FALSE,TRUE,FALSE,FALSE,FALSE,"f7734641299f704d4883f5df11e8e3ab","Nocardia"
TRUE,TRUE,FALSE,TRUE,FALSE,"78f43f7e335424a99400a11453add8ab","Tsukamurella"
TRUE,TRUE,TRUE,TRUE,TRUE,"33a077fde7c403e6b08c5b967e3df0a1","Mycobacterium"
TRUE,TRUE,TRUE,TRUE,TRUE,"daca34875367c76ab8b8452940d60fdf","Dietzia"
TRUE,TRUE,TRUE,TRUE,TRUE,"0df52bde0ac287bb20a6c5a9a66201f2","Lawsonella"
TRUE,TRUE,TRUE,TRUE,FALSE,"8de58ef371630c3e4c24d74a8f7ecf2a","Corynebacteriaceae"
TRUE,TRUE,TRUE,TRUE,TRUE,"04ae6d4e93605dc0fd87868b6069bbbf","Corynebacteriaceae_f"
TRUE,TRUE,TRUE,TRUE,TRUE,"b5abf1472c7313362f3234de5c1a8efa","Corynebacterium"
